06:09:05 feral.dataset INFO: train class counts: [633225  27632 291644  56651]
06:09:06 feral.dataset INFO: val class counts: [311741  25220 121922  63549]
06:09:06 feral.dataset INFO: test class counts: [311741  25220 121922  63549]
06:09:06 feral.data INFO: No inference dataset
06:09:06 feral.data INFO: Dataset is multilabel: False
06:09:07 httpx INFO: HTTP Request: HEAD https://huggingface.co/facebook/vjepa2-vitl-fpc32-256-diving48/resolve/main/config.json "HTTP/1.1 307 Temporary Redirect"
Warning: You are sending unauthenticated requests to the HF Hub. Please set a HF_TOKEN to enable higher rate limits and faster downloads.
06:09:07 huggingface_hub.utils._http WARNING: Warning: You are sending unauthenticated requests to the HF Hub. Please set a HF_TOKEN to enable higher rate limits and faster downloads.
06:09:07 httpx INFO: HTTP Request: HEAD https://huggingface.co/api/resolve-cache/models/facebook/vjepa2-vitl-fpc32-256-diving48/71ae2a8b1ff5a297aeeaae9b5e64c7a2e5e6a633/config.json "HTTP/1.1 200 OK"
06:09:07 httpx INFO: HTTP Request: GET https://huggingface.co/api/resolve-cache/models/facebook/vjepa2-vitl-fpc32-256-diving48/71ae2a8b1ff5a297aeeaae9b5e64c7a2e5e6a633/config.json "HTTP/1.1 200 OK"
06:09:07 httpx INFO: HTTP Request: HEAD https://huggingface.co/facebook/vjepa2-vitl-fpc32-256-diving48/resolve/main/model.safetensors "HTTP/1.1 302 Found"
06:09:07 httpx INFO: HTTP Request: GET https://huggingface.co/api/models/facebook/vjepa2-vitl-fpc32-256-diving48/xet-read-token/71ae2a8b1ff5a297aeeaae9b5e64c7a2e5e6a633 "HTTP/1.1 200 OK"
Loading weights: 100%|██████████| 587/587 [00:00<00:00, 7257.57it/s]
[1mVJEPA2Model LOAD REPORT[0m from: facebook/vjepa2-vitl-fpc32-256-diving48
Key                                                              | Status     |  |
-----------------------------------------------------------------+------------+--+-
pooler.self_attention_layers.{0, 1, 2}.layer_norm1.bias          | UNEXPECTED |  |
pooler.self_attention_layers.{0, 1, 2}.mlp.fc2.weight            | UNEXPECTED |  |
pooler.self_attention_layers.{0, 1, 2}.layer_norm1.weight        | UNEXPECTED |  |
pooler.cross_attention_layer.cross_attn.k_proj.bias              | UNEXPECTED |  |
pooler.self_attention_layers.{0, 1, 2}.layer_norm2.bias          | UNEXPECTED |  |
pooler.self_attention_layers.{0, 1, 2}.layer_norm2.weight        | UNEXPECTED |  |
pooler.self_attention_layers.{0, 1, 2}.mlp.fc1.weight            | UNEXPECTED |  |
pooler.self_attention_layers.{0, 1, 2}.self_attn.out_proj.weight | UNEXPECTED |  |
pooler.self_attention_layers.{0, 1, 2}.self_attn.q_proj.bias     | UNEXPECTED |  |
pooler.self_attention_layers.{0, 1, 2}.self_attn.k_proj.bias     | UNEXPECTED |  |
pooler.self_attention_layers.{0, 1, 2}.self_attn.v_proj.weight   | UNEXPECTED |  |
pooler.cross_attention_layer.layer_norm1.bias                    | UNEXPECTED |  |
pooler.cross_attention_layer.mlp.fc1.bias                        | UNEXPECTED |  |
pooler.self_attention_layers.{0, 1, 2}.self_attn.out_proj.bias   | UNEXPECTED |  |
classifier.weight                                                | UNEXPECTED |  |
pooler.self_attention_layers.{0, 1, 2}.mlp.fc1.bias              | UNEXPECTED |  |
pooler.self_attention_layers.{0, 1, 2}.self_attn.v_proj.bias     | UNEXPECTED |  |
pooler.self_attention_layers.{0, 1, 2}.mlp.fc2.bias              | UNEXPECTED |  |
pooler.cross_attention_layer.layer_norm2.bias                    | UNEXPECTED |  |
pooler.self_attention_layers.{0, 1, 2}.self_attn.q_proj.weight   | UNEXPECTED |  |
pooler.cross_attention_layer.cross_attn.q_proj.weight            | UNEXPECTED |  |
pooler.cross_attention_layer.cross_attn.v_proj.bias              | UNEXPECTED |  |
pooler.cross_attention_layer.cross_attn.k_proj.weight            | UNEXPECTED |  |
pooler.cross_attention_layer.layer_norm2.weight                  | UNEXPECTED |  |
pooler.cross_attention_layer.mlp.fc1.weight                      | UNEXPECTED |  |
pooler.query_tokens                                              | UNEXPECTED |  |
pooler.self_attention_layers.{0, 1, 2}.self_attn.k_proj.weight   | UNEXPECTED |  |
pooler.cross_attention_layer.mlp.fc2.bias                        | UNEXPECTED |  |
pooler.cross_attention_layer.layer_norm1.weight                  | UNEXPECTED |  |
pooler.cross_attention_layer.cross_attn.v_proj.weight            | UNEXPECTED |  |
classifier.bias                                                  | UNEXPECTED |  |
pooler.cross_attention_layer.mlp.fc2.weight                      | UNEXPECTED |  |
pooler.cross_attention_layer.cross_attn.q_proj.bias              | UNEXPECTED |  |

Notes:
- UNEXPECTED:	can be ignored when loading from different task/architecture; not ok if you expect identical arch.
06:09:21 feral.modeling INFO: parameters: 308_161_541
  0%|          | 0/3942 [00:00<?, ?it/s]W0510 06:09:35.109000 135584294576768 torch/fx/experimental/symbolic_shapes.py:4449] [10/0_1] xindex is not in var_ranges, defaulting to unknown range.
W0510 06:09:35.125000 135584294576768 torch/fx/experimental/symbolic_shapes.py:4449] [10/0_1] xindex is not in var_ranges, defaulting to unknown range.
W0510 06:09:42.495000 135584294576768 torch/fx/experimental/symbolic_shapes.py:4449] [10/1_1] xindex is not in var_ranges, defaulting to unknown range.
W0510 06:09:42.509000 135584294576768 torch/fx/experimental/symbolic_shapes.py:4449] [10/1_1] xindex is not in var_ranges, defaulting to unknown range.
W0510 06:09:45.120000 135584294576768 torch/fx/experimental/symbolic_shapes.py:4449] [10/2_1] xindex is not in var_ranges, defaulting to unknown range.
W0510 06:09:45.133000 135584294576768 torch/fx/experimental/symbolic_shapes.py:4449] [10/2_1] xindex is not in var_ranges, defaulting to unknown range.
W0510 06:09:47.450000 135584294576768 torch/fx/experimental/symbolic_shapes.py:4449] [10/3_1] xindex is not in var_ranges, defaulting to unknown range.
W0510 06:09:47.465000 135584294576768 torch/fx/experimental/symbolic_shapes.py:4449] [10/3_1] xindex is not in var_ranges, defaulting to unknown range.
W0510 06:09:49.378000 135584294576768 torch/fx/experimental/symbolic_shapes.py:4449] [10/4_1] xindex is not in var_ranges, defaulting to unknown range.
W0510 06:09:49.392000 135584294576768 torch/fx/experimental/symbolic_shapes.py:4449] [10/4_1] xindex is not in var_ranges, defaulting to unknown range.
W0510 06:09:51.355000 135584294576768 torch/fx/experimental/symbolic_shapes.py:4449] [10/5_1] xindex is not in var_ranges, defaulting to unknown range.
W0510 06:09:51.368000 135584294576768 torch/fx/experimental/symbolic_shapes.py:4449] [10/5_1] xindex is not in var_ranges, defaulting to unknown range.
W0510 06:09:53.266000 135584294576768 torch/fx/experimental/symbolic_shapes.py:4449] [10/6_1] xindex is not in var_ranges, defaulting to unknown range.
W0510 06:09:53.279000 135584294576768 torch/fx/experimental/symbolic_shapes.py:4449] [10/6_1] xindex is not in var_ranges, defaulting to unknown range.
W0510 06:09:55.598000 135584294576768 torch/fx/experimental/symbolic_shapes.py:4449] [10/7_1] xindex is not in var_ranges, defaulting to unknown range.
W0510 06:09:55.611000 135584294576768 torch/fx/experimental/symbolic_shapes.py:4449] [10/7_1] xindex is not in var_ranges, defaulting to unknown range.
W0510 06:09:57.537000 135584294576768 torch/fx/experimental/symbolic_shapes.py:4449] [10/8_1] xindex is not in var_ranges, defaulting to unknown range.
W0510 06:09:57.550000 135584294576768 torch/fx/experimental/symbolic_shapes.py:4449] [10/8_1] xindex is not in var_ranges, defaulting to unknown range.
W0510 06:09:59.506000 135584294576768 torch/fx/experimental/symbolic_shapes.py:4449] [10/9_1] xindex is not in var_ranges, defaulting to unknown range.
W0510 06:09:59.519000 135584294576768 torch/fx/experimental/symbolic_shapes.py:4449] [10/9_1] xindex is not in var_ranges, defaulting to unknown range.
W0510 06:10:01.493000 135584294576768 torch/fx/experimental/symbolic_shapes.py:4449] [10/10_1] xindex is not in var_ranges, defaulting to unknown range.
W0510 06:10:01.506000 135584294576768 torch/fx/experimental/symbolic_shapes.py:4449] [10/10_1] xindex is not in var_ranges, defaulting to unknown range.
W0510 06:10:04.675000 135584294576768 torch/fx/experimental/symbolic_shapes.py:4449] [10/11_1] xindex is not in var_ranges, defaulting to unknown range.
W0510 06:10:04.691000 135584294576768 torch/fx/experimental/symbolic_shapes.py:4449] [10/11_1] xindex is not in var_ranges, defaulting to unknown range.
W0510 06:10:07.861000 135584294576768 torch/fx/experimental/symbolic_shapes.py:4449] [10/12_1] xindex is not in var_ranges, defaulting to unknown range.
W0510 06:10:07.924000 135584294576768 torch/fx/experimental/symbolic_shapes.py:4449] [10/12_1] xindex is not in var_ranges, defaulting to unknown range.
W0510 06:10:12.522000 135584294576768 torch/fx/experimental/symbolic_shapes.py:4449] [10/13_1] xindex is not in var_ranges, defaulting to unknown range.
W0510 06:10:12.579000 135584294576768 torch/fx/experimental/symbolic_shapes.py:4449] [10/13_1] xindex is not in var_ranges, defaulting to unknown range.
W0510 06:10:14.760000 135584294576768 torch/fx/experimental/symbolic_shapes.py:4449] [10/14_1] xindex is not in var_ranges, defaulting to unknown range.
W0510 06:10:14.817000 135584294576768 torch/fx/experimental/symbolic_shapes.py:4449] [10/14_1] xindex is not in var_ranges, defaulting to unknown range.
W0510 06:10:17.407000 135584294576768 torch/fx/experimental/symbolic_shapes.py:4449] [10/15_1] xindex is not in var_ranges, defaulting to unknown range.
W0510 06:10:17.465000 135584294576768 torch/fx/experimental/symbolic_shapes.py:4449] [10/15_1] xindex is not in var_ranges, defaulting to unknown range.
W0510 06:10:19.625000 135584294576768 torch/fx/experimental/symbolic_shapes.py:4449] [10/16_1] xindex is not in var_ranges, defaulting to unknown range.
W0510 06:10:19.684000 135584294576768 torch/fx/experimental/symbolic_shapes.py:4449] [10/16_1] xindex is not in var_ranges, defaulting to unknown range.
W0510 06:10:21.832000 135584294576768 torch/fx/experimental/symbolic_shapes.py:4449] [10/17_1] xindex is not in var_ranges, defaulting to unknown range.
W0510 06:10:21.889000 135584294576768 torch/fx/experimental/symbolic_shapes.py:4449] [10/17_1] xindex is not in var_ranges, defaulting to unknown range.
W0510 06:10:24.010000 135584294576768 torch/fx/experimental/symbolic_shapes.py:4449] [10/18_1] xindex is not in var_ranges, defaulting to unknown range.
W0510 06:10:24.067000 135584294576768 torch/fx/experimental/symbolic_shapes.py:4449] [10/18_1] xindex is not in var_ranges, defaulting to unknown range.
W0510 06:10:26.830000 135584294576768 torch/fx/experimental/symbolic_shapes.py:4449] [10/19_1] xindex is not in var_ranges, defaulting to unknown range.
W0510 06:10:26.887000 135584294576768 torch/fx/experimental/symbolic_shapes.py:4449] [10/19_1] xindex is not in var_ranges, defaulting to unknown range.
W0510 06:10:29.060000 135584294576768 torch/fx/experimental/symbolic_shapes.py:4449] [10/20_1] xindex is not in var_ranges, defaulting to unknown range.
W0510 06:10:29.127000 135584294576768 torch/fx/experimental/symbolic_shapes.py:4449] [10/20_1] xindex is not in var_ranges, defaulting to unknown range.
W0510 06:10:31.220000 135584294576768 torch/fx/experimental/symbolic_shapes.py:4449] [10/21_1] xindex is not in var_ranges, defaulting to unknown range.
W0510 06:10:31.278000 135584294576768 torch/fx/experimental/symbolic_shapes.py:4449] [10/21_1] xindex is not in var_ranges, defaulting to unknown range.
W0510 06:10:33.362000 135584294576768 torch/fx/experimental/symbolic_shapes.py:4449] [10/22_1] xindex is not in var_ranges, defaulting to unknown range.
W0510 06:10:33.421000 135584294576768 torch/fx/experimental/symbolic_shapes.py:4449] [10/22_1] xindex is not in var_ranges, defaulting to unknown range.
W0510 06:10:36.281000 135584294576768 torch/fx/experimental/symbolic_shapes.py:4449] [10/23_1] xindex is not in var_ranges, defaulting to unknown range.
W0510 06:10:36.339000 135584294576768 torch/fx/experimental/symbolic_shapes.py:4449] [10/23_1] xindex is not in var_ranges, defaulting to unknown range.
W0510 06:10:42.141000 135581627577920 torch/fx/experimental/symbolic_shapes.py:4449] [24/0] d0 is not in var_ranges, defaulting to unknown range.
W0510 06:10:42.142000 135581627577920 torch/fx/experimental/symbolic_shapes.py:4449] [24/0] d2 is not in var_ranges, defaulting to unknown range.
W0510 06:10:42.152000 135581627577920 torch/fx/experimental/symbolic_shapes.py:4449] [24/0] d0 is not in var_ranges, defaulting to unknown range.
W0510 06:10:42.152000 135581627577920 torch/fx/experimental/symbolic_shapes.py:4449] [24/0] d2 is not in var_ranges, defaulting to unknown range.
W0510 06:10:42.152000 135581627577920 torch/fx/experimental/symbolic_shapes.py:4449] [24/0] d1 is not in var_ranges, defaulting to unknown range.
W0510 06:10:42.343000 135581627577920 torch/fx/experimental/symbolic_shapes.py:4449] [24/0] d0 is not in var_ranges, defaulting to unknown range.
W0510 06:10:42.344000 135581627577920 torch/fx/experimental/symbolic_shapes.py:4449] [24/0] d2 is not in var_ranges, defaulting to unknown range.
W0510 06:10:42.363000 135581627577920 torch/fx/experimental/symbolic_shapes.py:4449] [24/0] d0 is not in var_ranges, defaulting to unknown range.
W0510 06:10:42.364000 135581627577920 torch/fx/experimental/symbolic_shapes.py:4449] [24/0] d2 is not in var_ranges, defaulting to unknown range.
W0510 06:10:42.364000 135581627577920 torch/fx/experimental/symbolic_shapes.py:4449] [24/0] d1 is not in var_ranges, defaulting to unknown range.
W0510 06:10:42.471000 135581627577920 torch/fx/experimental/symbolic_shapes.py:4449] [24/0] r0 is not in var_ranges, defaulting to unknown range.
W0510 06:10:42.472000 135581627577920 torch/fx/experimental/symbolic_shapes.py:4449] [24/0] r1 is not in var_ranges, defaulting to unknown range.
W0510 06:10:42.485000 135581627577920 torch/fx/experimental/symbolic_shapes.py:4449] [24/0] r0 is not in var_ranges, defaulting to unknown range.
W0510 06:10:42.485000 135581627577920 torch/fx/experimental/symbolic_shapes.py:4449] [24/0] r1 is not in var_ranges, defaulting to unknown range.
W0510 06:10:42.904000 135581627577920 torch/fx/experimental/symbolic_shapes.py:4449] [24/0] q0 is not in var_ranges, defaulting to unknown range.
W0510 06:10:42.904000 135581627577920 torch/fx/experimental/symbolic_shapes.py:4449] [24/0] q2 is not in var_ranges, defaulting to unknown range.
W0510 06:10:42.924000 135581627577920 torch/fx/experimental/symbolic_shapes.py:4449] [24/0] q0 is not in var_ranges, defaulting to unknown range.
W0510 06:10:42.925000 135581627577920 torch/fx/experimental/symbolic_shapes.py:4449] [24/0] q1 is not in var_ranges, defaulting to unknown range.
W0510 06:10:42.925000 135581627577920 torch/fx/experimental/symbolic_shapes.py:4449] [24/0] q2 is not in var_ranges, defaulting to unknown range.
W0510 06:10:43.080000 135581627577920 torch/fx/experimental/symbolic_shapes.py:4449] [24/0] z1 is not in var_ranges, defaulting to unknown range.
W0510 06:10:43.080000 135581627577920 torch/fx/experimental/symbolic_shapes.py:4449] [24/0] z2 is not in var_ranges, defaulting to unknown range.
W0510 06:10:43.080000 135581627577920 torch/fx/experimental/symbolic_shapes.py:4449] [24/0] z0 is not in var_ranges, defaulting to unknown range.
W0510 06:10:43.328000 135581627577920 torch/fx/experimental/symbolic_shapes.py:4449] [24/0] q2 is not in var_ranges, defaulting to unknown range.
W0510 06:10:43.328000 135581627577920 torch/fx/experimental/symbolic_shapes.py:4449] [24/0] q0 is not in var_ranges, defaulting to unknown range.
W0510 06:10:43.348000 135581627577920 torch/fx/experimental/symbolic_shapes.py:4449] [24/0] q1 is not in var_ranges, defaulting to unknown range.
W0510 06:10:43.349000 135581627577920 torch/fx/experimental/symbolic_shapes.py:4449] [24/0] q2 is not in var_ranges, defaulting to unknown range.
W0510 06:10:43.349000 135581627577920 torch/fx/experimental/symbolic_shapes.py:4449] [24/0] q0 is not in var_ranges, defaulting to unknown range.
W0510 06:10:43.478000 135581627577920 torch/fx/experimental/symbolic_shapes.py:4449] [24/0] z1 is not in var_ranges, defaulting to unknown range.
W0510 06:10:43.478000 135581627577920 torch/fx/experimental/symbolic_shapes.py:4449] [24/0] z2 is not in var_ranges, defaulting to unknown range.
W0510 06:10:43.488000 135581627577920 torch/fx/experimental/symbolic_shapes.py:4449] [24/0] z1 is not in var_ranges, defaulting to unknown range.
W0510 06:10:43.488000 135581627577920 torch/fx/experimental/symbolic_shapes.py:4449] [24/0] z2 is not in var_ranges, defaulting to unknown range.
W0510 06:10:43.488000 135581627577920 torch/fx/experimental/symbolic_shapes.py:4449] [24/0] z0 is not in var_ranges, defaulting to unknown range.
W0510 06:10:43.597000 135581627577920 torch/fx/experimental/symbolic_shapes.py:4449] [24/0] q1 is not in var_ranges, defaulting to unknown range.
W0510 06:10:43.598000 135581627577920 torch/fx/experimental/symbolic_shapes.py:4449] [24/0] q0 is not in var_ranges, defaulting to unknown range.
W0510 06:10:43.610000 135581627577920 torch/fx/experimental/symbolic_shapes.py:4449] [24/0] q1 is not in var_ranges, defaulting to unknown range.
W0510 06:10:43.610000 135581627577920 torch/fx/experimental/symbolic_shapes.py:4449] [24/0] q0 is not in var_ranges, defaulting to unknown range.
W0510 06:10:43.699000 135581627577920 torch/fx/experimental/symbolic_shapes.py:4449] [24/0] z1 is not in var_ranges, defaulting to unknown range.
W0510 06:10:43.700000 135581627577920 torch/fx/experimental/symbolic_shapes.py:4449] [24/0] z0 is not in var_ranges, defaulting to unknown range.
W0510 06:10:43.707000 135581627577920 torch/fx/experimental/symbolic_shapes.py:4449] [24/0] z1 is not in var_ranges, defaulting to unknown range.
W0510 06:10:43.707000 135581627577920 torch/fx/experimental/symbolic_shapes.py:4449] [24/0] z0 is not in var_ranges, defaulting to unknown range.
W0510 06:10:44.199000 135581627577920 torch/fx/experimental/symbolic_shapes.py:4449] [24/0] r2 is not in var_ranges, defaulting to unknown range.
W0510 06:10:44.199000 135581627577920 torch/fx/experimental/symbolic_shapes.py:4449] [24/0] x0 is not in var_ranges, defaulting to unknown range.
W0510 06:10:44.199000 135581627577920 torch/fx/experimental/symbolic_shapes.py:4449] [24/0] x1 is not in var_ranges, defaulting to unknown range.
W0510 06:10:44.430000 135581627577920 torch/fx/experimental/symbolic_shapes.py:4449] [24/0] r2 is not in var_ranges, defaulting to unknown range.
W0510 06:10:44.430000 135581627577920 torch/fx/experimental/symbolic_shapes.py:4449] [24/0] x0 is not in var_ranges, defaulting to unknown range.
W0510 06:10:44.440000 135581627577920 torch/fx/experimental/symbolic_shapes.py:4449] [24/0] r2 is not in var_ranges, defaulting to unknown range.
W0510 06:10:44.440000 135581627577920 torch/fx/experimental/symbolic_shapes.py:4449] [24/0] x1 is not in var_ranges, defaulting to unknown range.
W0510 06:10:44.440000 135581627577920 torch/fx/experimental/symbolic_shapes.py:4449] [24/0] x0 is not in var_ranges, defaulting to unknown range.
W0510 06:10:44.558000 135581627577920 torch/fx/experimental/symbolic_shapes.py:4449] [24/0] x1 is not in var_ranges, defaulting to unknown range.
W0510 06:10:44.558000 135581627577920 torch/fx/experimental/symbolic_shapes.py:4449] [24/0] x0 is not in var_ranges, defaulting to unknown range.
W0510 06:10:44.565000 135581627577920 torch/fx/experimental/symbolic_shapes.py:4449] [24/0] x1 is not in var_ranges, defaulting to unknown range.
W0510 06:10:44.565000 135581627577920 torch/fx/experimental/symbolic_shapes.py:4449] [24/0] x0 is not in var_ranges, defaulting to unknown range.
100%|██████████| 3942/3942 [26:16<00:00,  2.50it/s]  
06:35:39 feral.train INFO: {'train_ap_other': 0.4847065259956743, 'train_ap_attack': 0.008442881717644703, 'train_ap_investigation': 0.1413600734865477, 'train_ap_mount': 0.02518270940221049, 'train_map': 0.05832855486880096, 'train_loss': 2.511005216695611}
  0%|          | 0/1021 [00:00<?, ?it/s]W0510 06:35:55.771000 135584294576768 torch/fx/experimental/symbolic_shapes.py:4449] [10/24_1] xindex is not in var_ranges, defaulting to unknown range.
W0510 06:35:55.789000 135584294576768 torch/fx/experimental/symbolic_shapes.py:4449] [10/24_1] xindex is not in var_ranges, defaulting to unknown range.
W0510 06:36:02.781000 135584294576768 torch/fx/experimental/symbolic_shapes.py:4449] [10/25_1] xindex is not in var_ranges, defaulting to unknown range.
W0510 06:36:02.803000 135584294576768 torch/fx/experimental/symbolic_shapes.py:4449] [10/25_1] xindex is not in var_ranges, defaulting to unknown range.
W0510 06:36:09.673000 135584294576768 torch/fx/experimental/symbolic_shapes.py:4449] [10/26_1] xindex is not in var_ranges, defaulting to unknown range.
W0510 06:36:09.690000 135584294576768 torch/fx/experimental/symbolic_shapes.py:4449] [10/26_1] xindex is not in var_ranges, defaulting to unknown range.
W0510 06:36:13.045000 135584294576768 torch/fx/experimental/symbolic_shapes.py:4449] [10/27_1] xindex is not in var_ranges, defaulting to unknown range.
W0510 06:36:13.059000 135584294576768 torch/fx/experimental/symbolic_shapes.py:4449] [10/27_1] xindex is not in var_ranges, defaulting to unknown range.
W0510 06:36:16.205000 135584294576768 torch/fx/experimental/symbolic_shapes.py:4449] [10/28_1] xindex is not in var_ranges, defaulting to unknown range.
W0510 06:36:16.218000 135584294576768 torch/fx/experimental/symbolic_shapes.py:4449] [10/28_1] xindex is not in var_ranges, defaulting to unknown range.
W0510 06:36:19.358000 135584294576768 torch/fx/experimental/symbolic_shapes.py:4449] [10/29_1] xindex is not in var_ranges, defaulting to unknown range.
W0510 06:36:19.371000 135584294576768 torch/fx/experimental/symbolic_shapes.py:4449] [10/29_1] xindex is not in var_ranges, defaulting to unknown range.
W0510 06:36:22.519000 135584294576768 torch/fx/experimental/symbolic_shapes.py:4449] [10/30_1] xindex is not in var_ranges, defaulting to unknown range.
W0510 06:36:22.532000 135584294576768 torch/fx/experimental/symbolic_shapes.py:4449] [10/30_1] xindex is not in var_ranges, defaulting to unknown range.
W0510 06:36:25.676000 135584294576768 torch/fx/experimental/symbolic_shapes.py:4449] [10/31_1] xindex is not in var_ranges, defaulting to unknown range.
W0510 06:36:25.689000 135584294576768 torch/fx/experimental/symbolic_shapes.py:4449] [10/31_1] xindex is not in var_ranges, defaulting to unknown range.
W0510 06:36:28.823000 135584294576768 torch/fx/experimental/symbolic_shapes.py:4449] [10/32_1] xindex is not in var_ranges, defaulting to unknown range.
W0510 06:36:28.837000 135584294576768 torch/fx/experimental/symbolic_shapes.py:4449] [10/32_1] xindex is not in var_ranges, defaulting to unknown range.
W0510 06:36:32.066000 135584294576768 torch/fx/experimental/symbolic_shapes.py:4449] [10/33_1] xindex is not in var_ranges, defaulting to unknown range.
W0510 06:36:32.080000 135584294576768 torch/fx/experimental/symbolic_shapes.py:4449] [10/33_1] xindex is not in var_ranges, defaulting to unknown range.
W0510 06:36:35.270000 135584294576768 torch/fx/experimental/symbolic_shapes.py:4449] [10/34_1] xindex is not in var_ranges, defaulting to unknown range.
W0510 06:36:35.284000 135584294576768 torch/fx/experimental/symbolic_shapes.py:4449] [10/34_1] xindex is not in var_ranges, defaulting to unknown range.
W0510 06:36:38.428000 135584294576768 torch/fx/experimental/symbolic_shapes.py:4449] [10/35_1] xindex is not in var_ranges, defaulting to unknown range.
W0510 06:36:38.441000 135584294576768 torch/fx/experimental/symbolic_shapes.py:4449] [10/35_1] xindex is not in var_ranges, defaulting to unknown range.
W0510 06:36:41.573000 135584294576768 torch/fx/experimental/symbolic_shapes.py:4449] [10/36_1] xindex is not in var_ranges, defaulting to unknown range.
W0510 06:36:41.586000 135584294576768 torch/fx/experimental/symbolic_shapes.py:4449] [10/36_1] xindex is not in var_ranges, defaulting to unknown range.
W0510 06:36:45.357000 135584294576768 torch/fx/experimental/symbolic_shapes.py:4449] [10/37_1] xindex is not in var_ranges, defaulting to unknown range.
W0510 06:36:45.379000 135584294576768 torch/fx/experimental/symbolic_shapes.py:4449] [10/37_1] xindex is not in var_ranges, defaulting to unknown range.
W0510 06:36:50.187000 135584294576768 torch/fx/experimental/symbolic_shapes.py:4449] [10/38_1] xindex is not in var_ranges, defaulting to unknown range.
W0510 06:36:50.206000 135584294576768 torch/fx/experimental/symbolic_shapes.py:4449] [10/38_1] xindex is not in var_ranges, defaulting to unknown range.
W0510 06:36:57.127000 135584294576768 torch/fx/experimental/symbolic_shapes.py:4449] [10/39_1] xindex is not in var_ranges, defaulting to unknown range.
W0510 06:36:57.140000 135584294576768 torch/fx/experimental/symbolic_shapes.py:4449] [10/39_1] xindex is not in var_ranges, defaulting to unknown range.
W0510 06:37:00.240000 135584294576768 torch/fx/experimental/symbolic_shapes.py:4449] [10/40_1] xindex is not in var_ranges, defaulting to unknown range.
W0510 06:37:00.253000 135584294576768 torch/fx/experimental/symbolic_shapes.py:4449] [10/40_1] xindex is not in var_ranges, defaulting to unknown range.
W0510 06:37:03.426000 135584294576768 torch/fx/experimental/symbolic_shapes.py:4449] [10/41_1] xindex is not in var_ranges, defaulting to unknown range.
W0510 06:37:03.439000 135584294576768 torch/fx/experimental/symbolic_shapes.py:4449] [10/41_1] xindex is not in var_ranges, defaulting to unknown range.
W0510 06:37:06.638000 135584294576768 torch/fx/experimental/symbolic_shapes.py:4449] [10/42_1] xindex is not in var_ranges, defaulting to unknown range.
W0510 06:37:06.651000 135584294576768 torch/fx/experimental/symbolic_shapes.py:4449] [10/42_1] xindex is not in var_ranges, defaulting to unknown range.
W0510 06:37:09.962000 135584294576768 torch/fx/experimental/symbolic_shapes.py:4449] [10/43_1] xindex is not in var_ranges, defaulting to unknown range.
W0510 06:37:09.978000 135584294576768 torch/fx/experimental/symbolic_shapes.py:4449] [10/43_1] xindex is not in var_ranges, defaulting to unknown range.
W0510 06:37:13.160000 135584294576768 torch/fx/experimental/symbolic_shapes.py:4449] [10/44_1] xindex is not in var_ranges, defaulting to unknown range.
W0510 06:37:13.173000 135584294576768 torch/fx/experimental/symbolic_shapes.py:4449] [10/44_1] xindex is not in var_ranges, defaulting to unknown range.
W0510 06:37:16.310000 135584294576768 torch/fx/experimental/symbolic_shapes.py:4449] [10/45_1] xindex is not in var_ranges, defaulting to unknown range.
W0510 06:37:16.324000 135584294576768 torch/fx/experimental/symbolic_shapes.py:4449] [10/45_1] xindex is not in var_ranges, defaulting to unknown range.
W0510 06:37:19.545000 135584294576768 torch/fx/experimental/symbolic_shapes.py:4449] [10/46_1] xindex is not in var_ranges, defaulting to unknown range.
W0510 06:37:19.558000 135584294576768 torch/fx/experimental/symbolic_shapes.py:4449] [10/46_1] xindex is not in var_ranges, defaulting to unknown range.
W0510 06:37:22.725000 135584294576768 torch/fx/experimental/symbolic_shapes.py:4449] [10/47_1] xindex is not in var_ranges, defaulting to unknown range.
W0510 06:37:22.741000 135584294576768 torch/fx/experimental/symbolic_shapes.py:4449] [10/47_1] xindex is not in var_ranges, defaulting to unknown range.
100%|██████████| 1021/1021 [12:00<00:00,  1.42it/s] 
  0%|          | 0/1021 [00:00<?, ?it/s]W0510 06:47:52.758000 135584294576768 torch/fx/experimental/symbolic_shapes.py:4449] [10/48_1] xindex is not in var_ranges, defaulting to unknown range.
W0510 06:47:52.777000 135584294576768 torch/fx/experimental/symbolic_shapes.py:4449] [10/48_1] xindex is not in var_ranges, defaulting to unknown range.
W0510 06:47:56.534000 135584294576768 torch/fx/experimental/symbolic_shapes.py:4449] [10/49_1] xindex is not in var_ranges, defaulting to unknown range.
W0510 06:47:56.548000 135584294576768 torch/fx/experimental/symbolic_shapes.py:4449] [10/49_1] xindex is not in var_ranges, defaulting to unknown range.
W0510 06:47:59.813000 135584294576768 torch/fx/experimental/symbolic_shapes.py:4449] [10/50_1] xindex is not in var_ranges, defaulting to unknown range.
W0510 06:47:59.829000 135584294576768 torch/fx/experimental/symbolic_shapes.py:4449] [10/50_1] xindex is not in var_ranges, defaulting to unknown range.
W0510 06:48:03.107000 135584294576768 torch/fx/experimental/symbolic_shapes.py:4449] [10/51_1] xindex is not in var_ranges, defaulting to unknown range.
W0510 06:48:03.121000 135584294576768 torch/fx/experimental/symbolic_shapes.py:4449] [10/51_1] xindex is not in var_ranges, defaulting to unknown range.
W0510 06:48:06.335000 135584294576768 torch/fx/experimental/symbolic_shapes.py:4449] [10/52_1] xindex is not in var_ranges, defaulting to unknown range.
W0510 06:48:06.350000 135584294576768 torch/fx/experimental/symbolic_shapes.py:4449] [10/52_1] xindex is not in var_ranges, defaulting to unknown range.
W0510 06:48:09.508000 135584294576768 torch/fx/experimental/symbolic_shapes.py:4449] [10/53_1] xindex is not in var_ranges, defaulting to unknown range.
W0510 06:48:09.521000 135584294576768 torch/fx/experimental/symbolic_shapes.py:4449] [10/53_1] xindex is not in var_ranges, defaulting to unknown range.
W0510 06:48:12.642000 135584294576768 torch/fx/experimental/symbolic_shapes.py:4449] [10/54_1] xindex is not in var_ranges, defaulting to unknown range.
W0510 06:48:12.655000 135584294576768 torch/fx/experimental/symbolic_shapes.py:4449] [10/54_1] xindex is not in var_ranges, defaulting to unknown range.
W0510 06:48:15.747000 135584294576768 torch/fx/experimental/symbolic_shapes.py:4449] [10/55_1] xindex is not in var_ranges, defaulting to unknown range.
W0510 06:48:15.760000 135584294576768 torch/fx/experimental/symbolic_shapes.py:4449] [10/55_1] xindex is not in var_ranges, defaulting to unknown range.
W0510 06:48:18.874000 135584294576768 torch/fx/experimental/symbolic_shapes.py:4449] [10/56_1] xindex is not in var_ranges, defaulting to unknown range.
W0510 06:48:18.888000 135584294576768 torch/fx/experimental/symbolic_shapes.py:4449] [10/56_1] xindex is not in var_ranges, defaulting to unknown range.
W0510 06:48:21.995000 135584294576768 torch/fx/experimental/symbolic_shapes.py:4449] [10/57_1] xindex is not in var_ranges, defaulting to unknown range.
W0510 06:48:22.008000 135584294576768 torch/fx/experimental/symbolic_shapes.py:4449] [10/57_1] xindex is not in var_ranges, defaulting to unknown range.
W0510 06:48:28.004000 135584294576768 torch/fx/experimental/symbolic_shapes.py:4449] [10/58_1] xindex is not in var_ranges, defaulting to unknown range.
W0510 06:48:28.020000 135584294576768 torch/fx/experimental/symbolic_shapes.py:4449] [10/58_1] xindex is not in var_ranges, defaulting to unknown range.
W0510 06:48:32.035000 135584294576768 torch/fx/experimental/symbolic_shapes.py:4449] [10/59_1] xindex is not in var_ranges, defaulting to unknown range.
W0510 06:48:32.050000 135584294576768 torch/fx/experimental/symbolic_shapes.py:4449] [10/59_1] xindex is not in var_ranges, defaulting to unknown range.
W0510 06:48:36.074000 135584294576768 torch/fx/experimental/symbolic_shapes.py:4449] [10/60_1] xindex is not in var_ranges, defaulting to unknown range.
W0510 06:48:36.092000 135584294576768 torch/fx/experimental/symbolic_shapes.py:4449] [10/60_1] xindex is not in var_ranges, defaulting to unknown range.
W0510 06:48:40.089000 135584294576768 torch/fx/experimental/symbolic_shapes.py:4449] [10/61_1] xindex is not in var_ranges, defaulting to unknown range.
W0510 06:48:40.107000 135584294576768 torch/fx/experimental/symbolic_shapes.py:4449] [10/61_1] xindex is not in var_ranges, defaulting to unknown range.
W0510 06:48:43.980000 135584294576768 torch/fx/experimental/symbolic_shapes.py:4449] [10/62_1] xindex is not in var_ranges, defaulting to unknown range.
W0510 06:48:43.998000 135584294576768 torch/fx/experimental/symbolic_shapes.py:4449] [10/62_1] xindex is not in var_ranges, defaulting to unknown range.
W0510 06:48:47.565000 135584294576768 torch/fx/experimental/symbolic_shapes.py:4449] [10/63_1] xindex is not in var_ranges, defaulting to unknown range.
W0510 06:48:47.580000 135584294576768 torch/fx/experimental/symbolic_shapes.py:4449] [10/63_1] xindex is not in var_ranges, defaulting to unknown range.
W0510 06:48:50.746000 135584294576768 torch/fx/experimental/symbolic_shapes.py:4449] [10/64_1] xindex is not in var_ranges, defaulting to unknown range.
W0510 06:48:50.759000 135584294576768 torch/fx/experimental/symbolic_shapes.py:4449] [10/64_1] xindex is not in var_ranges, defaulting to unknown range.
W0510 06:48:53.924000 135584294576768 torch/fx/experimental/symbolic_shapes.py:4449] [10/65_1] xindex is not in var_ranges, defaulting to unknown range.
W0510 06:48:53.938000 135584294576768 torch/fx/experimental/symbolic_shapes.py:4449] [10/65_1] xindex is not in var_ranges, defaulting to unknown range.
W0510 06:48:57.048000 135584294576768 torch/fx/experimental/symbolic_shapes.py:4449] [10/66_1] xindex is not in var_ranges, defaulting to unknown range.
W0510 06:48:57.061000 135584294576768 torch/fx/experimental/symbolic_shapes.py:4449] [10/66_1] xindex is not in var_ranges, defaulting to unknown range.
W0510 06:49:00.182000 135584294576768 torch/fx/experimental/symbolic_shapes.py:4449] [10/67_1] xindex is not in var_ranges, defaulting to unknown range.
W0510 06:49:00.195000 135584294576768 torch/fx/experimental/symbolic_shapes.py:4449] [10/67_1] xindex is not in var_ranges, defaulting to unknown range.
W0510 06:49:03.293000 135584294576768 torch/fx/experimental/symbolic_shapes.py:4449] [10/68_1] xindex is not in var_ranges, defaulting to unknown range.
W0510 06:49:03.307000 135584294576768 torch/fx/experimental/symbolic_shapes.py:4449] [10/68_1] xindex is not in var_ranges, defaulting to unknown range.
W0510 06:49:06.414000 135584294576768 torch/fx/experimental/symbolic_shapes.py:4449] [10/69_1] xindex is not in var_ranges, defaulting to unknown range.
W0510 06:49:06.428000 135584294576768 torch/fx/experimental/symbolic_shapes.py:4449] [10/69_1] xindex is not in var_ranges, defaulting to unknown range.
W0510 06:49:09.570000 135584294576768 torch/fx/experimental/symbolic_shapes.py:4449] [10/70_1] xindex is not in var_ranges, defaulting to unknown range.
W0510 06:49:09.584000 135584294576768 torch/fx/experimental/symbolic_shapes.py:4449] [10/70_1] xindex is not in var_ranges, defaulting to unknown range.
W0510 06:49:12.690000 135584294576768 torch/fx/experimental/symbolic_shapes.py:4449] [10/71_1] xindex is not in var_ranges, defaulting to unknown range.
W0510 06:49:12.704000 135584294576768 torch/fx/experimental/symbolic_shapes.py:4449] [10/71_1] xindex is not in var_ranges, defaulting to unknown range.
100%|██████████| 1021/1021 [12:55<00:00,  1.32it/s] 
07:00:52 feral.train INFO: {'val_ap_other': 0.9661900069231077, 'val_ap_attack': 0.6886682242716546, 'val_ap_investigation': 0.7681094232820991, 'val_ap_mount': 0.9355874932443381, 'val_map': 0.7974550469326972, 'val_f1_attack': np.float64(0.633342267488609), 'val_f1_investigation': np.float64(0.703805606254597), 'val_f1_mount': np.float64(0.7620989767306362), 'val_precision': 0.6310716593708633, 'val_recall': 0.85120443677412, 'val_f1': 0.6997489501579475, 'val_accuracy': 0.8162620609140542, 'val_frame_level_map': 0.8332523866318523, 'val_loss': 1.8319409417400814, 'val_raster_plot': <wandb.sdk.data_types.image.Image object at 0x7b4d8a041810>, 'ema_val_ap_other': 0.9664225577601785, 'ema_val_ap_attack': 0.7245915251372058, 'ema_val_ap_investigation': 0.8259148823564193, 'ema_val_ap_mount': 0.9439578202244205, 'ema_val_map': 0.8314880759060151, 'ema_val_f1_attack': np.float64(0.6423774522764528), 'ema_val_f1_investigation': np.float64(0.7606144600160609), 'ema_val_f1_mount': np.float64(0.865692018886171), 'ema_val_precision': 0.6936814185800578, 'ema_val_recall': 0.878759103999594, 'ema_val_f1': 0.7562279770595616, 'ema_val_accuracy': 0.8492600350238643, 'ema_val_frame_level_map': 0.8638244376361978, 'ema_val_loss': 1.7657921813839814, 'ema_val_raster_plot': <wandb.sdk.data_types.image.Image object at 0x7b4ca137df50>}
07:00:53 feral.train INFO: Epoch 0: Saved EMA model checkpoint with ema_val_frame_level_map=0.8638
100%|██████████| 3942/3942 [22:48<00:00,  2.88it/s] 
07:23:43 feral.train INFO: {'train_ap_other': 0.5320562981778592, 'train_ap_attack': 0.0286945356625427, 'train_ap_investigation': 0.18615986326186065, 'train_ap_mount': 0.039070455063832624, 'train_map': 0.08464161799607867, 'train_loss': 2.1351066765935087}
100%|██████████| 1021/1021 [12:55<00:00,  1.32it/s]
100%|██████████| 1021/1021 [12:15<00:00,  1.39it/s]
07:49:13 feral.train INFO: {'val_ap_other': 0.9785248171597694, 'val_ap_attack': 0.7936589329534905, 'val_ap_investigation': 0.8901802438873588, 'val_ap_mount': 0.964572363902119, 'val_map': 0.8828038469143228, 'val_f1_attack': np.float64(0.7267448967118935), 'val_f1_investigation': np.float64(0.8015682739972961), 'val_f1_mount': np.float64(0.8829337494680096), 'val_precision': 0.7640808924935124, 'val_recall': 0.881431392146856, 'val_f1': 0.8037489733923998, 'val_accuracy': 0.8850393160045325, 'val_frame_level_map': 0.8961749958598167, 'val_loss': 1.5175638197956152, 'val_raster_plot': <wandb.sdk.data_types.image.Image object at 0x7b4439f6c490>, 'ema_val_ap_other': 0.9835407349009253, 'ema_val_ap_attack': 0.799606314065627, 'ema_val_ap_investigation': 0.8961107662269745, 'ema_val_ap_mount': 0.9702994000152578, 'ema_val_map': 0.8886721601026197, 'ema_val_f1_attack': np.float64(0.6996568330593765), 'ema_val_f1_investigation': np.float64(0.8172371587931361), 'ema_val_f1_mount': np.float64(0.9136358918854804), 'ema_val_precision': 0.7461556883010312, 'ema_val_recall': 0.9132485219424522, 'ema_val_f1': 0.8101766279126643, 'ema_val_accuracy': 0.8842877145593212, 'ema_val_frame_level_map': 0.9027678305494993, 'ema_val_loss': 1.476270608365812, 'ema_val_raster_plot': <wandb.sdk.data_types.image.Image object at 0x7b4d2b6efed0>}
07:49:14 feral.train INFO: Epoch 1: Saved EMA model checkpoint with ema_val_frame_level_map=0.9028
100%|██████████| 3942/3942 [22:43<00:00,  2.89it/s]
08:12:00 feral.train INFO: {'train_ap_other': 0.5544797644796471, 'train_ap_attack': 0.02023738604023652, 'train_ap_investigation': 0.19570125356599563, 'train_ap_mount': 0.05458509089962901, 'train_map': 0.09017457683528707, 'train_loss': 1.9529625377297484}
100%|██████████| 1021/1021 [07:50<00:00,  2.17it/s]
100%|██████████| 1021/1021 [07:15<00:00,  2.34it/s]
08:27:22 feral.train INFO: {'val_ap_other': 0.9864283975115132, 'val_ap_attack': 0.8265651679705367, 'val_ap_investigation': 0.8995822337222523, 'val_ap_mount': 0.9738491697863432, 'val_map': 0.8999988571597107, 'val_f1_attack': np.float64(0.7240530080919433), 'val_f1_investigation': np.float64(0.8395929400540626), 'val_f1_mount': np.float64(0.9294190564012638), 'val_precision': 0.7632155849033487, 'val_recall': 0.9348783668976676, 'val_f1': 0.8310216681824233, 'val_accuracy': 0.8980759766049743, 'val_frame_level_map': 0.9144140315079037, 'val_loss': 1.5049063029628749, 'val_raster_plot': <wandb.sdk.data_types.image.Image object at 0x7b4cddb6bd10>, 'ema_val_ap_other': 0.9885030857717609, 'ema_val_ap_attack': 0.8290402269888285, 'ema_val_ap_investigation': 0.928256368490433, 'ema_val_ap_mount': 0.9757966257891939, 'ema_val_map': 0.9110310737561518, 'ema_val_f1_attack': np.float64(0.7510578279266573), 'ema_val_f1_investigation': np.float64(0.8558789772364981), 'ema_val_f1_mount': np.float64(0.9324664745900774), 'ema_val_precision': 0.788252808031591, 'ema_val_recall': 0.9247561190510017, 'ema_val_f1': 0.8464677599177443, 'ema_val_accuracy': 0.9090943774870568, 'ema_val_frame_level_map': 0.9212664500768656, 'ema_val_loss': 1.4060343979455239, 'ema_val_raster_plot': <wandb.sdk.data_types.image.Image object at 0x7b4d70519bd0>}
08:27:23 feral.train INFO: Epoch 2: Saved EMA model checkpoint with ema_val_frame_level_map=0.9213
100%|██████████| 3942/3942 [22:43<00:00,  2.89it/s]
08:50:08 feral.train INFO: {'train_ap_other': 0.5691776964788833, 'train_ap_attack': 0.06316879284732124, 'train_ap_investigation': 0.20871304418038744, 'train_ap_mount': 0.04736283842395971, 'train_map': 0.1064148918172228, 'train_loss': 1.8835367802172467}
100%|██████████| 1021/1021 [07:52<00:00,  2.16it/s]
100%|██████████| 1021/1021 [07:49<00:00,  2.17it/s]
09:06:08 feral.train INFO: {'val_ap_other': 0.9873037155768638, 'val_ap_attack': 0.883585067497955, 'val_ap_investigation': 0.9264391580539937, 'val_ap_mount': 0.976115768013746, 'val_map': 0.9287133311885648, 'val_f1_attack': np.float64(0.7901842909234257), 'val_f1_investigation': np.float64(0.8537529017281403), 'val_f1_mount': np.float64(0.9104631417001698), 'val_precision': 0.8079819649901001, 'val_recall': 0.9157907541079288, 'val_f1': 0.8514667781172452, 'val_accuracy': 0.9159923237456459, 'val_frame_level_map': 0.9382779627645242, 'val_loss': 1.3985283308621579, 'val_raster_plot': <wandb.sdk.data_types.image.Image object at 0x7b406d333bd0>, 'ema_val_ap_other': 0.9903970146418271, 'ema_val_ap_attack': 0.8753859555204848, 'ema_val_ap_investigation': 0.9339770991520336, 'ema_val_ap_mount': 0.9808386266930587, 'ema_val_map': 0.930067227121859, 'ema_val_f1_attack': np.float64(0.7772176759410802), 'ema_val_f1_investigation': np.float64(0.8661357847115639), 'ema_val_f1_mount': np.float64(0.9399850762178872), 'ema_val_precision': 0.8094082155230921, 'ema_val_recall': 0.9295330165296072, 'ema_val_f1': 0.8611128456235105, 'ema_val_accuracy': 0.9183692156256796, 'ema_val_frame_level_map': 0.9392088532572571, 'ema_val_loss': 1.371773782694044, 'ema_val_raster_plot': <wandb.sdk.data_types.image.Image object at 0x7b40616eba10>}
09:06:08 feral.train INFO: Epoch 3: Saved EMA model checkpoint with ema_val_frame_level_map=0.9392
100%|██████████| 3942/3942 [22:47<00:00,  2.88it/s]  
09:28:58 feral.train INFO: {'train_ap_other': 0.5827956247934457, 'train_ap_attack': 0.016719519043927763, 'train_ap_investigation': 0.22211945112055903, 'train_ap_mount': 0.046157403309032834, 'train_map': 0.09499879115783988, 'train_loss': 1.8491594567651903}
100%|██████████| 1021/1021 [07:41<00:00,  2.21it/s]
100%|██████████| 1021/1021 [07:30<00:00,  2.26it/s]
09:44:29 feral.train INFO: {'val_ap_other': 0.9860147216701777, 'val_ap_attack': 0.8671422871899627, 'val_ap_investigation': 0.9334902234535404, 'val_ap_mount': 0.9574917254384596, 'val_map': 0.9193747453606541, 'val_f1_attack': np.float64(0.768129315556687), 'val_f1_investigation': np.float64(0.8622361114611423), 'val_f1_mount': np.float64(0.9290606424637659), 'val_precision': 0.817954754823201, 'val_recall': 0.90936335820395, 'val_f1': 0.8531420231605318, 'val_accuracy': 0.9189643924046287, 'val_frame_level_map': 0.9306494150738231, 'val_loss': 1.4309110998729588, 'val_raster_plot': <wandb.sdk.data_types.image.Image object at 0x7b4d3408aa10>, 'ema_val_ap_other': 0.9897928711045119, 'ema_val_ap_attack': 0.8778099171294849, 'ema_val_ap_investigation': 0.9373374090476534, 'ema_val_ap_mount': 0.9799200530916923, 'ema_val_map': 0.9316891264229435, 'ema_val_f1_attack': np.float64(0.8024803811659192), 'ema_val_f1_investigation': np.float64(0.8702990748852649), 'ema_val_f1_mount': np.float64(0.9363957062181107), 'ema_val_precision': 0.8270991087446425, 'ema_val_recall': 0.9204513683893322, 'ema_val_f1': 0.869725054089765, 'ema_val_accuracy': 0.9229131614188099, 'ema_val_frame_level_map': 0.9393412761762217, 'ema_val_loss': 1.3751340955183002, 'ema_val_raster_plot': <wandb.sdk.data_types.image.Image object at 0x7b4d67932810>}
09:44:30 feral.train INFO: Epoch 4: Saved EMA model checkpoint with ema_val_frame_level_map=0.9393
100%|██████████| 3942/3942 [22:43<00:00,  2.89it/s] 
10:07:17 feral.train INFO: {'train_ap_other': 0.5906494253486756, 'train_ap_attack': 0.04200219708477484, 'train_ap_investigation': 0.2320701331555273, 'train_ap_mount': 0.03674504207241042, 'train_map': 0.10360579077090419, 'train_loss': 1.8150112904115634}
100%|██████████| 1021/1021 [08:01<00:00,  2.12it/s]
100%|██████████| 1021/1021 [07:56<00:00,  2.14it/s]
10:23:34 feral.train INFO: {'val_ap_other': 0.9883161181149893, 'val_ap_attack': 0.8989221565505255, 'val_ap_investigation': 0.9322625716565048, 'val_ap_mount': 0.976881997445436, 'val_map': 0.9360222418841554, 'val_f1_attack': np.float64(0.8323263913568839), 'val_f1_investigation': np.float64(0.8756693980256791), 'val_f1_mount': np.float64(0.9393985838212304), 'val_precision': 0.8460988763043223, 'val_recall': 0.9251296200511655, 'val_f1': 0.8824647910679312, 'val_accuracy': 0.9271480731151781, 'val_frame_level_map': 0.9452014598871976, 'val_loss': 1.3768594479393934, 'val_raster_plot': <wandb.sdk.data_types.image.Image object at 0x7b45b8c4f490>, 'ema_val_ap_other': 0.9887817314735027, 'ema_val_ap_attack': 0.894539997683793, 'ema_val_ap_investigation': 0.9375989937574091, 'ema_val_ap_mount': 0.9782083035572914, 'ema_val_map': 0.9367824316661645, 'ema_val_f1_attack': np.float64(0.8193546131524665), 'ema_val_f1_investigation': np.float64(0.8737775608168579), 'ema_val_f1_mount': np.float64(0.9395913758640158), 'ema_val_precision': 0.8395857420622068, 'ema_val_recall': 0.9236278758543529, 'ema_val_f1': 0.8775745166111134, 'ema_val_accuracy': 0.9265986791653791, 'ema_val_frame_level_map': 0.944660451249455, 'ema_val_loss': 1.3641820182082136, 'ema_val_raster_plot': <wandb.sdk.data_types.image.Image object at 0x7b4d4521cbd0>}
10:23:35 feral.train INFO: Epoch 5: Saved base model checkpoint with val_frame_level_map=0.9452
100%|██████████| 3942/3942 [22:45<00:00,  2.89it/s]
10:46:22 feral.train INFO: {'train_ap_other': 0.5964359712053109, 'train_ap_attack': 0.0240502357089091, 'train_ap_investigation': 0.23613392296350078, 'train_ap_mount': 0.054947421452352894, 'train_map': 0.10504386004158757, 'train_loss': 1.7791926501511102}
100%|██████████| 1021/1021 [07:07<00:00,  2.39it/s]
100%|██████████| 1021/1021 [07:58<00:00,  2.13it/s]
11:01:46 feral.train INFO: {'val_ap_other': 0.987742767779239, 'val_ap_attack': 0.8661248608717733, 'val_ap_investigation': 0.9353043031210846, 'val_ap_mount': 0.979562016091723, 'val_map': 0.9269970600281936, 'val_f1_attack': np.float64(0.8152975897688146), 'val_f1_investigation': np.float64(0.8760593564308212), 'val_f1_mount': np.float64(0.9435308528556117), 'val_precision': 0.8791844619097136, 'val_recall': 0.8784900556871418, 'val_f1': 0.8782959330184159, 'val_accuracy': 0.9308068842114099, 'val_frame_level_map': 0.9372093291201854, 'val_loss': 1.4203675989548907, 'val_raster_plot': <wandb.sdk.data_types.image.Image object at 0x7b4a8205f150>, 'ema_val_ap_other': 0.9876092480022989, 'ema_val_ap_attack': 0.8800158753143219, 'ema_val_ap_investigation': 0.938040928146349, 'ema_val_ap_mount': 0.9777133168728047, 'ema_val_map': 0.9319233734444919, 'ema_val_f1_attack': np.float64(0.8359970871181633), 'ema_val_f1_investigation': np.float64(0.878635518551451), 'ema_val_f1_mount': np.float64(0.9399609303461327), 'ema_val_precision': 0.8650383864919958, 'ema_val_recall': 0.9057961892736149, 'ema_val_f1': 0.8848645120052491, 'ema_val_accuracy': 0.931016722178347, 'ema_val_frame_level_map': 0.9403705653193977, 'ema_val_loss': 1.382610415038603, 'ema_val_raster_plot': <wandb.sdk.data_types.image.Image object at 0x7b45b758d050>}
11:01:46 feral.train INFO: Epoch 6: Didnt improve for 1 epochs
100%|██████████| 3942/3942 [22:40<00:00,  2.90it/s]
11:24:28 feral.train INFO: {'train_ap_other': 0.6084791838553648, 'train_ap_attack': 0.061232282237180365, 'train_ap_investigation': 0.2398232688567952, 'train_ap_mount': 0.04998399061380256, 'train_map': 0.11701318056925937, 'train_loss': 1.761590467855072}
100%|██████████| 1021/1021 [07:55<00:00,  2.15it/s]
100%|██████████| 1021/1021 [07:41<00:00,  2.21it/s]
11:40:23 feral.train INFO: {'val_ap_other': 0.9875431712447525, 'val_ap_attack': 0.8225109368401761, 'val_ap_investigation': 0.9288285733681022, 'val_ap_mount': 0.9708091888757931, 'val_map': 0.9073828996946904, 'val_f1_attack': np.float64(0.7882513661202186), 'val_f1_investigation': np.float64(0.8719096916127723), 'val_f1_mount': np.float64(0.9447667165668663), 'val_precision': 0.8763137952300633, 'val_recall': 0.8647064361946478, 'val_f1': 0.8683092580999524, 'val_accuracy': 0.9275295966914275, 'val_frame_level_map': 0.9202864063863184, 'val_loss': 1.4523803010734337, 'val_raster_plot': <wandb.sdk.data_types.image.Image object at 0x7b4c4aeab910>, 'ema_val_ap_other': 0.9852064037601893, 'ema_val_ap_attack': 0.8629645604988077, 'ema_val_ap_investigation': 0.9331973306383804, 'ema_val_ap_mount': 0.9754665695460459, 'ema_val_map': 0.923876153561078, 'ema_val_f1_attack': np.float64(0.8219320730535085), 'ema_val_f1_investigation': np.float64(0.8783235979443965), 'ema_val_f1_mount': np.float64(0.9434420808146063), 'ema_val_precision': 0.8719079337023609, 'ema_val_recall': 0.8911758077040531, 'ema_val_f1': 0.8812325839375038, 'ema_val_accuracy': 0.9309175260485222, 'ema_val_frame_level_map': 0.9333817981773124, 'ema_val_loss': 1.402533163889476, 'ema_val_raster_plot': <wandb.sdk.data_types.image.Image object at 0x7b45b795f310>}
11:40:23 feral.train INFO: Epoch 7: Didnt improve for 2 epochs
100%|██████████| 3942/3942 [22:46<00:00,  2.88it/s] 
12:03:14 feral.train INFO: {'train_ap_other': 0.6155129829803426, 'train_ap_attack': 0.039170769139780126, 'train_ap_investigation': 0.25230977589894216, 'train_ap_mount': 0.06651867713651498, 'train_map': 0.11933307405841242, 'train_loss': 1.7343742477606872}
100%|██████████| 1021/1021 [07:43<00:00,  2.20it/s]
100%|██████████| 1021/1021 [07:02<00:00,  2.41it/s]
12:18:25 feral.train INFO: {'val_ap_other': 0.982121125916838, 'val_ap_attack': 0.8679561583468683, 'val_ap_investigation': 0.9362647006549057, 'val_ap_mount': 0.9735514176354565, 'val_map': 0.9259240922124102, 'val_f1_attack': np.float64(0.8266655611293064), 'val_f1_investigation': np.float64(0.8781463739945835), 'val_f1_mount': np.float64(0.9431126682647981), 'val_precision': 0.8887996531681398, 'val_recall': 0.8780043478007475, 'val_f1': 0.8826415344628961, 'val_accuracy': 0.9321651081428577, 'val_frame_level_map': 0.9357577635543178, 'val_loss': 1.452013473573297, 'val_raster_plot': <wandb.sdk.data_types.image.Image object at 0x7b45b63e2fd0>, 'ema_val_ap_other': 0.9821987292492408, 'ema_val_ap_attack': 0.8647449749062793, 'ema_val_ap_investigation': 0.9337160489679294, 'ema_val_ap_mount': 0.9726722427973447, 'ema_val_map': 0.9237110888905177, 'ema_val_f1_attack': np.float64(0.8273131313131313), 'ema_val_f1_investigation': np.float64(0.8789098841872253), 'ema_val_f1_mount': np.float64(0.9439194804395333), 'ema_val_precision': 0.8781654039745207, 'ema_val_recall': 0.8892472914883235, 'ema_val_f1': 0.8833808319799633, 'ema_val_accuracy': 0.9317606931520334, 'ema_val_frame_level_map': 0.9334173129682641, 'ema_val_loss': 1.4080551004112944, 'ema_val_raster_plot': <wandb.sdk.data_types.image.Image object at 0x7b45be4bf210>}
12:18:25 feral.train INFO: Epoch 8: Didnt improve for 3 epochs
100%|██████████| 3942/3942 [22:49<00:00,  2.88it/s] 
12:41:16 feral.train INFO: {'train_ap_other': 0.6224101999013042, 'train_ap_attack': 0.02711098485277814, 'train_ap_investigation': 0.25192457400533, 'train_ap_mount': 0.06159133696244595, 'train_map': 0.11354229860685137, 'train_loss': 1.7398563048948745}
100%|██████████| 1021/1021 [07:55<00:00,  2.15it/s]
100%|██████████| 1021/1021 [07:39<00:00,  2.22it/s]
12:57:08 feral.train INFO: {'val_ap_other': 0.9811611453147283, 'val_ap_attack': 0.8786530231193054, 'val_ap_investigation': 0.9351287389768823, 'val_ap_mount': 0.9721429137490378, 'val_map': 0.9286415586150752, 'val_f1_attack': np.float64(0.8323954000489356), 'val_f1_investigation': np.float64(0.879045830386107), 'val_f1_mount': np.float64(0.9443033688843745), 'val_precision': 0.8867111405293578, 'val_recall': 0.8845408499588051, 'val_f1': 0.8852481997731391, 'val_accuracy': 0.9326839802065569, 'val_frame_level_map': 0.9375204344784267, 'val_loss': 1.4204482371612719, 'val_raster_plot': <wandb.sdk.data_types.image.Image object at 0x7b4c1762de90>, 'ema_val_ap_other': 0.9821880937707969, 'ema_val_ap_attack': 0.8699623437385867, 'ema_val_ap_investigation': 0.9333413910357996, 'ema_val_ap_mount': 0.9716752443790937, 'ema_val_map': 0.92499299305116, 'ema_val_f1_attack': np.float64(0.8309143686502177), 'ema_val_f1_investigation': np.float64(0.8791217609719693), 'ema_val_f1_mount': np.float64(0.9443065682179027), 'ema_val_precision': 0.879586659212671, 'ema_val_recall': 0.8905303927285068, 'ema_val_f1': 0.8847808992800298, 'ema_val_accuracy': 0.9319209330540581, 'ema_val_frame_level_map': 0.9342428070239661, 'ema_val_loss': 1.4069945079027777, 'ema_val_raster_plot': <wandb.sdk.data_types.image.Image object at 0x7b4cf7dd0b90>}
12:57:08 feral.train INFO: Epoch 9: Didnt improve for 4 epochs
12:57:08 feral.train INFO: Finished training
12:57:08 feral.train INFO: Best checkpoint: checkpoints/aug_full_best_checkpoint.pt. best_map: 0.9452
12:57:08 feral.train INFO: Loading model for test/inference
/root/feral/feral/modeling.py:56: FutureWarning: You are using `torch.load` with `weights_only=False` (the current default value), which uses the default pickle module implicitly. It is possible to construct malicious pickle data which will execute arbitrary code during unpickling (See https://github.com/pytorch/pytorch/blob/main/SECURITY.md#untrusted-models for more details). In a future release, the default value for `weights_only` will be flipped to `True`. This limits the functions that could be executed during unpickling. Arbitrary objects will no longer be allowed to be loaded via this mode unless they are explicitly allowlisted by the user via `torch.serialization.add_safe_globals`. We recommend you start setting `weights_only=True` for any use case where you don't have full control of the loaded file. Please open an issue on GitHub for any issues related to this experimental feature.
  raw = torch.load(checkpoint_path, map_location="cpu")
12:57:09 httpx INFO: HTTP Request: HEAD https://huggingface.co/facebook/vjepa2-vitl-fpc32-256-diving48/resolve/main/config.json "HTTP/1.1 307 Temporary Redirect"
12:57:09 httpx INFO: HTTP Request: HEAD https://huggingface.co/api/resolve-cache/models/facebook/vjepa2-vitl-fpc32-256-diving48/71ae2a8b1ff5a297aeeaae9b5e64c7a2e5e6a633/config.json "HTTP/1.1 200 OK"
Loading weights: 100%|██████████| 587/587 [00:00<00:00, 2613.41it/s]
[1mVJEPA2Model LOAD REPORT[0m from: facebook/vjepa2-vitl-fpc32-256-diving48
Key                                                              | Status     |  |
-----------------------------------------------------------------+------------+--+-
pooler.self_attention_layers.{0, 1, 2}.layer_norm1.bias          | UNEXPECTED |  |
pooler.self_attention_layers.{0, 1, 2}.mlp.fc2.weight            | UNEXPECTED |  |
pooler.self_attention_layers.{0, 1, 2}.layer_norm1.weight        | UNEXPECTED |  |
pooler.cross_attention_layer.cross_attn.k_proj.bias              | UNEXPECTED |  |
pooler.self_attention_layers.{0, 1, 2}.layer_norm2.bias          | UNEXPECTED |  |
pooler.self_attention_layers.{0, 1, 2}.layer_norm2.weight        | UNEXPECTED |  |
pooler.self_attention_layers.{0, 1, 2}.mlp.fc1.weight            | UNEXPECTED |  |
pooler.self_attention_layers.{0, 1, 2}.self_attn.out_proj.weight | UNEXPECTED |  |
pooler.self_attention_layers.{0, 1, 2}.self_attn.q_proj.bias     | UNEXPECTED |  |
pooler.self_attention_layers.{0, 1, 2}.self_attn.k_proj.bias     | UNEXPECTED |  |
pooler.self_attention_layers.{0, 1, 2}.self_attn.v_proj.weight   | UNEXPECTED |  |
pooler.cross_attention_layer.layer_norm1.bias                    | UNEXPECTED |  |
pooler.cross_attention_layer.mlp.fc1.bias                        | UNEXPECTED |  |
pooler.self_attention_layers.{0, 1, 2}.self_attn.out_proj.bias   | UNEXPECTED |  |
classifier.weight                                                | UNEXPECTED |  |
pooler.self_attention_layers.{0, 1, 2}.mlp.fc1.bias              | UNEXPECTED |  |
pooler.self_attention_layers.{0, 1, 2}.self_attn.v_proj.bias     | UNEXPECTED |  |
pooler.self_attention_layers.{0, 1, 2}.mlp.fc2.bias              | UNEXPECTED |  |
pooler.cross_attention_layer.layer_norm2.bias                    | UNEXPECTED |  |
pooler.self_attention_layers.{0, 1, 2}.self_attn.q_proj.weight   | UNEXPECTED |  |
pooler.cross_attention_layer.cross_attn.q_proj.weight            | UNEXPECTED |  |
pooler.cross_attention_layer.cross_attn.v_proj.bias              | UNEXPECTED |  |
pooler.cross_attention_layer.cross_attn.k_proj.weight            | UNEXPECTED |  |
pooler.cross_attention_layer.layer_norm2.weight                  | UNEXPECTED |  |
pooler.cross_attention_layer.mlp.fc1.weight                      | UNEXPECTED |  |
pooler.query_tokens                                              | UNEXPECTED |  |
pooler.self_attention_layers.{0, 1, 2}.self_attn.k_proj.weight   | UNEXPECTED |  |
pooler.cross_attention_layer.mlp.fc2.bias                        | UNEXPECTED |  |
pooler.cross_attention_layer.layer_norm1.weight                  | UNEXPECTED |  |
pooler.cross_attention_layer.cross_attn.v_proj.weight            | UNEXPECTED |  |
classifier.bias                                                  | UNEXPECTED |  |
pooler.cross_attention_layer.mlp.fc2.weight                      | UNEXPECTED |  |
pooler.cross_attention_layer.cross_attn.q_proj.bias              | UNEXPECTED |  |

Notes:
- UNEXPECTED:	can be ignored when loading from different task/architecture; not ok if you expect identical arch.
12:57:12 feral.train INFO: Running test...
  0%|          | 0/1021 [00:00<?, ?it/s]AUTOTUNE addmm(65536x1024, 65536x1024, 1024x1024)
  bias_addmm 0.2068 ms 100.0%
  triton_mm_17 0.2742 ms 75.4%
  triton_mm_18 0.2910 ms 71.0%
  triton_mm_16 0.2997 ms 69.0%
  addmm 0.3337 ms 62.0%
  triton_mm_11 0.3612 ms 57.2%
  triton_mm_12 0.3758 ms 55.0%
  triton_mm_9 0.4078 ms 50.7%
  triton_mm_10 0.4081 ms 50.7%
  triton_mm_14 0.4085 ms 50.6%
SingleProcess AUTOTUNE benchmarking takes 2.6281 seconds and 77.5984 seconds precompiling
W0510 12:59:24.001000 135584294576768 torch/fx/experimental/symbolic_shapes.py:4449] [10/72_1] xindex is not in var_ranges, defaulting to unknown range.
W0510 12:59:24.065000 135584294576768 torch/fx/experimental/symbolic_shapes.py:4449] [10/72_1] ps0 is not in var_ranges, defaulting to unknown range.
W0510 12:59:24.066000 135584294576768 torch/fx/experimental/symbolic_shapes.py:4449] [10/72_1] xindex is not in var_ranges, defaulting to unknown range.
W0510 12:59:24.071000 135584294576768 torch/fx/experimental/symbolic_shapes.py:4449] [10/72_1] ps0 is not in var_ranges, defaulting to unknown range.
W0510 12:59:24.091000 135584294576768 torch/fx/experimental/symbolic_shapes.py:4449] [10/72_1] ps0 is not in var_ranges, defaulting to unknown range.
W0510 12:59:24.351000 135584294576768 torch/fx/experimental/symbolic_shapes.py:4449] [10/72_1] xindex is not in var_ranges, defaulting to unknown range.
W0510 12:59:24.389000 135584294576768 torch/fx/experimental/symbolic_shapes.py:4449] [10/72_1] ps2 is not in var_ranges, defaulting to unknown range.
W0510 12:59:24.390000 135584294576768 torch/fx/experimental/symbolic_shapes.py:4449] [10/72_1] xindex is not in var_ranges, defaulting to unknown range.
W0510 12:59:24.395000 135584294576768 torch/fx/experimental/symbolic_shapes.py:4449] [10/72_1] ps2 is not in var_ranges, defaulting to unknown range.
W0510 12:59:24.414000 135584294576768 torch/fx/experimental/symbolic_shapes.py:4449] [10/72_1] ps2 is not in var_ranges, defaulting to unknown range.
W0510 12:59:24.602000 135584294576768 torch/fx/experimental/symbolic_shapes.py:4449] [10/72_1] xindex is not in var_ranges, defaulting to unknown range.
W0510 12:59:24.639000 135584294576768 torch/fx/experimental/symbolic_shapes.py:4449] [10/72_1] ps4 is not in var_ranges, defaulting to unknown range.
W0510 12:59:24.639000 135584294576768 torch/fx/experimental/symbolic_shapes.py:4449] [10/72_1] xindex is not in var_ranges, defaulting to unknown range.
W0510 12:59:24.645000 135584294576768 torch/fx/experimental/symbolic_shapes.py:4449] [10/72_1] ps4 is not in var_ranges, defaulting to unknown range.
W0510 12:59:24.664000 135584294576768 torch/fx/experimental/symbolic_shapes.py:4449] [10/72_1] ps4 is not in var_ranges, defaulting to unknown range.
W0510 12:59:24.965000 135584294576768 torch/fx/experimental/symbolic_shapes.py:4449] [10/72_1] xindex is not in var_ranges, defaulting to unknown range.
W0510 12:59:25.255000 135584294576768 torch/fx/experimental/symbolic_shapes.py:4449] [10/72_1] xindex is not in var_ranges, defaulting to unknown range.
W0510 12:59:25.408000 135584294576768 torch/fx/experimental/symbolic_shapes.py:4449] [10/72_1] xindex is not in var_ranges, defaulting to unknown range.
AUTOTUNE addmm(65536x1024, 65536x1024, 1024x1024)
  bias_addmm 0.2059 ms 100.0%
  addmm 0.3398 ms 60.6%
  triton_mm_75 0.9969 ms 20.7%
  triton_mm_68 1.1778 ms 17.5%
  triton_mm_70 1.3814 ms 14.9%
  triton_mm_71 1.3838 ms 14.9%
  triton_mm_73 1.3974 ms 14.7%
  triton_mm_72 1.4537 ms 14.2%
  triton_mm_64 1.4740 ms 14.0%
  triton_mm_66 1.6657 ms 12.4%
SingleProcess AUTOTUNE benchmarking takes 12.0600 seconds and 0.0000 seconds precompiling
AUTOTUNE mm(65536x1024, 1024x4096)
  mm 0.8316 ms 100.0%
  triton_mm_93 1.0436 ms 79.7%
  triton_mm_94 1.0981 ms 75.7%
  triton_mm_92 1.1548 ms 72.0%
  triton_mm_91 1.3178 ms 63.1%
  triton_mm_88 1.3483 ms 61.7%
  triton_mm_87 1.4358 ms 57.9%
  triton_mm_89 1.5312 ms 54.3%
  triton_mm_85 1.5423 ms 53.9%
  triton_mm_90 1.5483 ms 53.7%
SingleProcess AUTOTUNE benchmarking takes 2.7556 seconds and 73.3086 seconds precompiling
AUTOTUNE mm(65536x4096, 4096x1024)
  mm 0.8305 ms 100.0%
  triton_mm_112 0.9688 ms 85.7%
  triton_mm_113 1.0186 ms 81.5%
  triton_mm_111 1.1427 ms 72.7%
  triton_mm_107 1.2462 ms 66.6%
  triton_mm_106 1.3684 ms 60.7%
  triton_mm_104 1.5772 ms 52.7%
  triton_mm_105 1.5791 ms 52.6%
  triton_mm_108 1.6284 ms 51.0%
  triton_mm_109 1.6382 ms 50.7%
SingleProcess AUTOTUNE benchmarking takes 2.7533 seconds and 0.0029 seconds precompiling
W0510 13:02:59.670000 135584294576768 torch/fx/experimental/symbolic_shapes.py:4449] [10/73_1] xindex is not in var_ranges, defaulting to unknown range.
W0510 13:02:59.733000 135584294576768 torch/fx/experimental/symbolic_shapes.py:4449] [10/73_1] ps0 is not in var_ranges, defaulting to unknown range.
W0510 13:02:59.733000 135584294576768 torch/fx/experimental/symbolic_shapes.py:4449] [10/73_1] xindex is not in var_ranges, defaulting to unknown range.
W0510 13:02:59.740000 135584294576768 torch/fx/experimental/symbolic_shapes.py:4449] [10/73_1] ps0 is not in var_ranges, defaulting to unknown range.
W0510 13:02:59.759000 135584294576768 torch/fx/experimental/symbolic_shapes.py:4449] [10/73_1] ps0 is not in var_ranges, defaulting to unknown range.
W0510 13:03:00.013000 135584294576768 torch/fx/experimental/symbolic_shapes.py:4449] [10/73_1] xindex is not in var_ranges, defaulting to unknown range.
W0510 13:03:00.051000 135584294576768 torch/fx/experimental/symbolic_shapes.py:4449] [10/73_1] ps2 is not in var_ranges, defaulting to unknown range.
W0510 13:03:00.051000 135584294576768 torch/fx/experimental/symbolic_shapes.py:4449] [10/73_1] xindex is not in var_ranges, defaulting to unknown range.
W0510 13:03:00.056000 135584294576768 torch/fx/experimental/symbolic_shapes.py:4449] [10/73_1] ps2 is not in var_ranges, defaulting to unknown range.
W0510 13:03:00.076000 135584294576768 torch/fx/experimental/symbolic_shapes.py:4449] [10/73_1] ps2 is not in var_ranges, defaulting to unknown range.
W0510 13:03:00.249000 135584294576768 torch/fx/experimental/symbolic_shapes.py:4449] [10/73_1] xindex is not in var_ranges, defaulting to unknown range.
W0510 13:03:00.285000 135584294576768 torch/fx/experimental/symbolic_shapes.py:4449] [10/73_1] ps4 is not in var_ranges, defaulting to unknown range.
W0510 13:03:00.286000 135584294576768 torch/fx/experimental/symbolic_shapes.py:4449] [10/73_1] xindex is not in var_ranges, defaulting to unknown range.
W0510 13:03:00.291000 135584294576768 torch/fx/experimental/symbolic_shapes.py:4449] [10/73_1] ps4 is not in var_ranges, defaulting to unknown range.
W0510 13:03:00.310000 135584294576768 torch/fx/experimental/symbolic_shapes.py:4449] [10/73_1] ps4 is not in var_ranges, defaulting to unknown range.
W0510 13:03:00.608000 135584294576768 torch/fx/experimental/symbolic_shapes.py:4449] [10/73_1] xindex is not in var_ranges, defaulting to unknown range.
W0510 13:03:00.890000 135584294576768 torch/fx/experimental/symbolic_shapes.py:4449] [10/73_1] xindex is not in var_ranges, defaulting to unknown range.
W0510 13:03:01.043000 135584294576768 torch/fx/experimental/symbolic_shapes.py:4449] [10/73_1] xindex is not in var_ranges, defaulting to unknown range.
W0510 13:03:27.644000 135584294576768 torch/fx/experimental/symbolic_shapes.py:4449] [10/74_1] xindex is not in var_ranges, defaulting to unknown range.
W0510 13:03:27.708000 135584294576768 torch/fx/experimental/symbolic_shapes.py:4449] [10/74_1] ps0 is not in var_ranges, defaulting to unknown range.
W0510 13:03:27.708000 135584294576768 torch/fx/experimental/symbolic_shapes.py:4449] [10/74_1] xindex is not in var_ranges, defaulting to unknown range.
W0510 13:03:27.714000 135584294576768 torch/fx/experimental/symbolic_shapes.py:4449] [10/74_1] ps0 is not in var_ranges, defaulting to unknown range.
W0510 13:03:27.732000 135584294576768 torch/fx/experimental/symbolic_shapes.py:4449] [10/74_1] ps0 is not in var_ranges, defaulting to unknown range.
W0510 13:03:27.970000 135584294576768 torch/fx/experimental/symbolic_shapes.py:4449] [10/74_1] xindex is not in var_ranges, defaulting to unknown range.
W0510 13:03:28.008000 135584294576768 torch/fx/experimental/symbolic_shapes.py:4449] [10/74_1] ps2 is not in var_ranges, defaulting to unknown range.
W0510 13:03:28.009000 135584294576768 torch/fx/experimental/symbolic_shapes.py:4449] [10/74_1] xindex is not in var_ranges, defaulting to unknown range.
W0510 13:03:28.014000 135584294576768 torch/fx/experimental/symbolic_shapes.py:4449] [10/74_1] ps2 is not in var_ranges, defaulting to unknown range.
W0510 13:03:28.033000 135584294576768 torch/fx/experimental/symbolic_shapes.py:4449] [10/74_1] ps2 is not in var_ranges, defaulting to unknown range.
W0510 13:03:28.206000 135584294576768 torch/fx/experimental/symbolic_shapes.py:4449] [10/74_1] xindex is not in var_ranges, defaulting to unknown range.
W0510 13:03:28.243000 135584294576768 torch/fx/experimental/symbolic_shapes.py:4449] [10/74_1] ps4 is not in var_ranges, defaulting to unknown range.
W0510 13:03:28.243000 135584294576768 torch/fx/experimental/symbolic_shapes.py:4449] [10/74_1] xindex is not in var_ranges, defaulting to unknown range.
W0510 13:03:28.248000 135584294576768 torch/fx/experimental/symbolic_shapes.py:4449] [10/74_1] ps4 is not in var_ranges, defaulting to unknown range.
W0510 13:03:28.268000 135584294576768 torch/fx/experimental/symbolic_shapes.py:4449] [10/74_1] ps4 is not in var_ranges, defaulting to unknown range.
W0510 13:03:28.571000 135584294576768 torch/fx/experimental/symbolic_shapes.py:4449] [10/74_1] xindex is not in var_ranges, defaulting to unknown range.
W0510 13:03:28.855000 135584294576768 torch/fx/experimental/symbolic_shapes.py:4449] [10/74_1] xindex is not in var_ranges, defaulting to unknown range.
W0510 13:03:29.016000 135584294576768 torch/fx/experimental/symbolic_shapes.py:4449] [10/74_1] xindex is not in var_ranges, defaulting to unknown range.
W0510 13:03:54.884000 135584294576768 torch/fx/experimental/symbolic_shapes.py:4449] [10/75_1] xindex is not in var_ranges, defaulting to unknown range.
W0510 13:03:54.973000 135584294576768 torch/fx/experimental/symbolic_shapes.py:4449] [10/75_1] ps0 is not in var_ranges, defaulting to unknown range.
W0510 13:03:54.974000 135584294576768 torch/fx/experimental/symbolic_shapes.py:4449] [10/75_1] xindex is not in var_ranges, defaulting to unknown range.
W0510 13:03:54.982000 135584294576768 torch/fx/experimental/symbolic_shapes.py:4449] [10/75_1] ps0 is not in var_ranges, defaulting to unknown range.
W0510 13:03:55.009000 135584294576768 torch/fx/experimental/symbolic_shapes.py:4449] [10/75_1] ps0 is not in var_ranges, defaulting to unknown range.
W0510 13:03:55.365000 135584294576768 torch/fx/experimental/symbolic_shapes.py:4449] [10/75_1] xindex is not in var_ranges, defaulting to unknown range.
W0510 13:03:55.432000 135584294576768 torch/fx/experimental/symbolic_shapes.py:4449] [10/75_1] ps2 is not in var_ranges, defaulting to unknown range.
W0510 13:03:55.432000 135584294576768 torch/fx/experimental/symbolic_shapes.py:4449] [10/75_1] xindex is not in var_ranges, defaulting to unknown range.
W0510 13:03:55.440000 135584294576768 torch/fx/experimental/symbolic_shapes.py:4449] [10/75_1] ps2 is not in var_ranges, defaulting to unknown range.
W0510 13:03:55.483000 135584294576768 torch/fx/experimental/symbolic_shapes.py:4449] [10/75_1] ps2 is not in var_ranges, defaulting to unknown range.
W0510 13:03:55.715000 135584294576768 torch/fx/experimental/symbolic_shapes.py:4449] [10/75_1] xindex is not in var_ranges, defaulting to unknown range.
W0510 13:03:55.766000 135584294576768 torch/fx/experimental/symbolic_shapes.py:4449] [10/75_1] ps4 is not in var_ranges, defaulting to unknown range.
W0510 13:03:55.766000 135584294576768 torch/fx/experimental/symbolic_shapes.py:4449] [10/75_1] xindex is not in var_ranges, defaulting to unknown range.
W0510 13:03:55.774000 135584294576768 torch/fx/experimental/symbolic_shapes.py:4449] [10/75_1] ps4 is not in var_ranges, defaulting to unknown range.
W0510 13:03:55.798000 135584294576768 torch/fx/experimental/symbolic_shapes.py:4449] [10/75_1] ps4 is not in var_ranges, defaulting to unknown range.
W0510 13:03:56.212000 135584294576768 torch/fx/experimental/symbolic_shapes.py:4449] [10/75_1] xindex is not in var_ranges, defaulting to unknown range.
W0510 13:03:56.629000 135584294576768 torch/fx/experimental/symbolic_shapes.py:4449] [10/75_1] xindex is not in var_ranges, defaulting to unknown range.
W0510 13:03:56.851000 135584294576768 torch/fx/experimental/symbolic_shapes.py:4449] [10/75_1] xindex is not in var_ranges, defaulting to unknown range.
W0510 13:04:22.865000 135584294576768 torch/fx/experimental/symbolic_shapes.py:4449] [10/76_1] xindex is not in var_ranges, defaulting to unknown range.
W0510 13:04:22.928000 135584294576768 torch/fx/experimental/symbolic_shapes.py:4449] [10/76_1] ps0 is not in var_ranges, defaulting to unknown range.
W0510 13:04:22.928000 135584294576768 torch/fx/experimental/symbolic_shapes.py:4449] [10/76_1] xindex is not in var_ranges, defaulting to unknown range.
W0510 13:04:22.934000 135584294576768 torch/fx/experimental/symbolic_shapes.py:4449] [10/76_1] ps0 is not in var_ranges, defaulting to unknown range.
W0510 13:04:22.953000 135584294576768 torch/fx/experimental/symbolic_shapes.py:4449] [10/76_1] ps0 is not in var_ranges, defaulting to unknown range.
W0510 13:04:23.192000 135584294576768 torch/fx/experimental/symbolic_shapes.py:4449] [10/76_1] xindex is not in var_ranges, defaulting to unknown range.
W0510 13:04:23.230000 135584294576768 torch/fx/experimental/symbolic_shapes.py:4449] [10/76_1] ps2 is not in var_ranges, defaulting to unknown range.
W0510 13:04:23.230000 135584294576768 torch/fx/experimental/symbolic_shapes.py:4449] [10/76_1] xindex is not in var_ranges, defaulting to unknown range.
W0510 13:04:23.236000 135584294576768 torch/fx/experimental/symbolic_shapes.py:4449] [10/76_1] ps2 is not in var_ranges, defaulting to unknown range.
W0510 13:04:23.254000 135584294576768 torch/fx/experimental/symbolic_shapes.py:4449] [10/76_1] ps2 is not in var_ranges, defaulting to unknown range.
W0510 13:04:23.434000 135584294576768 torch/fx/experimental/symbolic_shapes.py:4449] [10/76_1] xindex is not in var_ranges, defaulting to unknown range.
W0510 13:04:23.470000 135584294576768 torch/fx/experimental/symbolic_shapes.py:4449] [10/76_1] ps4 is not in var_ranges, defaulting to unknown range.
W0510 13:04:23.470000 135584294576768 torch/fx/experimental/symbolic_shapes.py:4449] [10/76_1] xindex is not in var_ranges, defaulting to unknown range.
W0510 13:04:23.476000 135584294576768 torch/fx/experimental/symbolic_shapes.py:4449] [10/76_1] ps4 is not in var_ranges, defaulting to unknown range.
W0510 13:04:23.495000 135584294576768 torch/fx/experimental/symbolic_shapes.py:4449] [10/76_1] ps4 is not in var_ranges, defaulting to unknown range.
W0510 13:04:23.797000 135584294576768 torch/fx/experimental/symbolic_shapes.py:4449] [10/76_1] xindex is not in var_ranges, defaulting to unknown range.
W0510 13:04:24.082000 135584294576768 torch/fx/experimental/symbolic_shapes.py:4449] [10/76_1] xindex is not in var_ranges, defaulting to unknown range.
W0510 13:04:24.242000 135584294576768 torch/fx/experimental/symbolic_shapes.py:4449] [10/76_1] xindex is not in var_ranges, defaulting to unknown range.
W0510 13:04:48.231000 135584294576768 torch/fx/experimental/symbolic_shapes.py:4449] [10/77_1] xindex is not in var_ranges, defaulting to unknown range.
W0510 13:04:48.319000 135584294576768 torch/fx/experimental/symbolic_shapes.py:4449] [10/77_1] ps0 is not in var_ranges, defaulting to unknown range.
W0510 13:04:48.319000 135584294576768 torch/fx/experimental/symbolic_shapes.py:4449] [10/77_1] xindex is not in var_ranges, defaulting to unknown range.
W0510 13:04:48.326000 135584294576768 torch/fx/experimental/symbolic_shapes.py:4449] [10/77_1] ps0 is not in var_ranges, defaulting to unknown range.
W0510 13:04:48.351000 135584294576768 torch/fx/experimental/symbolic_shapes.py:4449] [10/77_1] ps0 is not in var_ranges, defaulting to unknown range.
W0510 13:04:48.700000 135584294576768 torch/fx/experimental/symbolic_shapes.py:4449] [10/77_1] xindex is not in var_ranges, defaulting to unknown range.
W0510 13:04:48.756000 135584294576768 torch/fx/experimental/symbolic_shapes.py:4449] [10/77_1] ps2 is not in var_ranges, defaulting to unknown range.
W0510 13:04:48.757000 135584294576768 torch/fx/experimental/symbolic_shapes.py:4449] [10/77_1] xindex is not in var_ranges, defaulting to unknown range.
W0510 13:04:48.764000 135584294576768 torch/fx/experimental/symbolic_shapes.py:4449] [10/77_1] ps2 is not in var_ranges, defaulting to unknown range.
W0510 13:04:48.793000 135584294576768 torch/fx/experimental/symbolic_shapes.py:4449] [10/77_1] ps2 is not in var_ranges, defaulting to unknown range.
W0510 13:04:49.035000 135584294576768 torch/fx/experimental/symbolic_shapes.py:4449] [10/77_1] xindex is not in var_ranges, defaulting to unknown range.
W0510 13:04:49.090000 135584294576768 torch/fx/experimental/symbolic_shapes.py:4449] [10/77_1] ps4 is not in var_ranges, defaulting to unknown range.
W0510 13:04:49.091000 135584294576768 torch/fx/experimental/symbolic_shapes.py:4449] [10/77_1] xindex is not in var_ranges, defaulting to unknown range.
W0510 13:04:49.098000 135584294576768 torch/fx/experimental/symbolic_shapes.py:4449] [10/77_1] ps4 is not in var_ranges, defaulting to unknown range.
W0510 13:04:49.124000 135584294576768 torch/fx/experimental/symbolic_shapes.py:4449] [10/77_1] ps4 is not in var_ranges, defaulting to unknown range.
W0510 13:04:49.568000 135584294576768 torch/fx/experimental/symbolic_shapes.py:4449] [10/77_1] xindex is not in var_ranges, defaulting to unknown range.
W0510 13:04:49.985000 135584294576768 torch/fx/experimental/symbolic_shapes.py:4449] [10/77_1] xindex is not in var_ranges, defaulting to unknown range.
W0510 13:04:50.214000 135584294576768 torch/fx/experimental/symbolic_shapes.py:4449] [10/77_1] xindex is not in var_ranges, defaulting to unknown range.
W0510 13:05:14.721000 135584294576768 torch/fx/experimental/symbolic_shapes.py:4449] [10/78_1] xindex is not in var_ranges, defaulting to unknown range.
W0510 13:05:14.785000 135584294576768 torch/fx/experimental/symbolic_shapes.py:4449] [10/78_1] ps0 is not in var_ranges, defaulting to unknown range.
W0510 13:05:14.785000 135584294576768 torch/fx/experimental/symbolic_shapes.py:4449] [10/78_1] xindex is not in var_ranges, defaulting to unknown range.
W0510 13:05:14.790000 135584294576768 torch/fx/experimental/symbolic_shapes.py:4449] [10/78_1] ps0 is not in var_ranges, defaulting to unknown range.
W0510 13:05:14.809000 135584294576768 torch/fx/experimental/symbolic_shapes.py:4449] [10/78_1] ps0 is not in var_ranges, defaulting to unknown range.
W0510 13:05:15.050000 135584294576768 torch/fx/experimental/symbolic_shapes.py:4449] [10/78_1] xindex is not in var_ranges, defaulting to unknown range.
W0510 13:05:15.088000 135584294576768 torch/fx/experimental/symbolic_shapes.py:4449] [10/78_1] ps2 is not in var_ranges, defaulting to unknown range.
W0510 13:05:15.088000 135584294576768 torch/fx/experimental/symbolic_shapes.py:4449] [10/78_1] xindex is not in var_ranges, defaulting to unknown range.
W0510 13:05:15.094000 135584294576768 torch/fx/experimental/symbolic_shapes.py:4449] [10/78_1] ps2 is not in var_ranges, defaulting to unknown range.
W0510 13:05:15.113000 135584294576768 torch/fx/experimental/symbolic_shapes.py:4449] [10/78_1] ps2 is not in var_ranges, defaulting to unknown range.
W0510 13:05:15.288000 135584294576768 torch/fx/experimental/symbolic_shapes.py:4449] [10/78_1] xindex is not in var_ranges, defaulting to unknown range.
W0510 13:05:15.325000 135584294576768 torch/fx/experimental/symbolic_shapes.py:4449] [10/78_1] ps4 is not in var_ranges, defaulting to unknown range.
W0510 13:05:15.325000 135584294576768 torch/fx/experimental/symbolic_shapes.py:4449] [10/78_1] xindex is not in var_ranges, defaulting to unknown range.
W0510 13:05:15.331000 135584294576768 torch/fx/experimental/symbolic_shapes.py:4449] [10/78_1] ps4 is not in var_ranges, defaulting to unknown range.
W0510 13:05:15.350000 135584294576768 torch/fx/experimental/symbolic_shapes.py:4449] [10/78_1] ps4 is not in var_ranges, defaulting to unknown range.
W0510 13:05:15.654000 135584294576768 torch/fx/experimental/symbolic_shapes.py:4449] [10/78_1] xindex is not in var_ranges, defaulting to unknown range.
W0510 13:05:15.945000 135584294576768 torch/fx/experimental/symbolic_shapes.py:4449] [10/78_1] xindex is not in var_ranges, defaulting to unknown range.
W0510 13:05:16.102000 135584294576768 torch/fx/experimental/symbolic_shapes.py:4449] [10/78_1] xindex is not in var_ranges, defaulting to unknown range.
W0510 13:05:41.316000 135584294576768 torch/fx/experimental/symbolic_shapes.py:4449] [10/79_1] xindex is not in var_ranges, defaulting to unknown range.
W0510 13:05:41.408000 135584294576768 torch/fx/experimental/symbolic_shapes.py:4449] [10/79_1] ps0 is not in var_ranges, defaulting to unknown range.
W0510 13:05:41.408000 135584294576768 torch/fx/experimental/symbolic_shapes.py:4449] [10/79_1] xindex is not in var_ranges, defaulting to unknown range.
W0510 13:05:41.419000 135584294576768 torch/fx/experimental/symbolic_shapes.py:4449] [10/79_1] ps0 is not in var_ranges, defaulting to unknown range.
W0510 13:05:41.449000 135584294576768 torch/fx/experimental/symbolic_shapes.py:4449] [10/79_1] ps0 is not in var_ranges, defaulting to unknown range.
W0510 13:05:41.797000 135584294576768 torch/fx/experimental/symbolic_shapes.py:4449] [10/79_1] xindex is not in var_ranges, defaulting to unknown range.
W0510 13:05:41.854000 135584294576768 torch/fx/experimental/symbolic_shapes.py:4449] [10/79_1] ps2 is not in var_ranges, defaulting to unknown range.
W0510 13:05:41.854000 135584294576768 torch/fx/experimental/symbolic_shapes.py:4449] [10/79_1] xindex is not in var_ranges, defaulting to unknown range.
W0510 13:05:41.862000 135584294576768 torch/fx/experimental/symbolic_shapes.py:4449] [10/79_1] ps2 is not in var_ranges, defaulting to unknown range.
W0510 13:05:41.889000 135584294576768 torch/fx/experimental/symbolic_shapes.py:4449] [10/79_1] ps2 is not in var_ranges, defaulting to unknown range.
W0510 13:05:42.138000 135584294576768 torch/fx/experimental/symbolic_shapes.py:4449] [10/79_1] xindex is not in var_ranges, defaulting to unknown range.
W0510 13:05:42.190000 135584294576768 torch/fx/experimental/symbolic_shapes.py:4449] [10/79_1] ps4 is not in var_ranges, defaulting to unknown range.
W0510 13:05:42.191000 135584294576768 torch/fx/experimental/symbolic_shapes.py:4449] [10/79_1] xindex is not in var_ranges, defaulting to unknown range.
W0510 13:05:42.199000 135584294576768 torch/fx/experimental/symbolic_shapes.py:4449] [10/79_1] ps4 is not in var_ranges, defaulting to unknown range.
W0510 13:05:42.228000 135584294576768 torch/fx/experimental/symbolic_shapes.py:4449] [10/79_1] ps4 is not in var_ranges, defaulting to unknown range.
W0510 13:05:42.663000 135584294576768 torch/fx/experimental/symbolic_shapes.py:4449] [10/79_1] xindex is not in var_ranges, defaulting to unknown range.
W0510 13:05:43.127000 135584294576768 torch/fx/experimental/symbolic_shapes.py:4449] [10/79_1] xindex is not in var_ranges, defaulting to unknown range.
W0510 13:05:43.336000 135584294576768 torch/fx/experimental/symbolic_shapes.py:4449] [10/79_1] xindex is not in var_ranges, defaulting to unknown range.
W0510 13:06:06.472000 135584294576768 torch/fx/experimental/symbolic_shapes.py:4449] [10/80_1] xindex is not in var_ranges, defaulting to unknown range.
W0510 13:06:06.535000 135584294576768 torch/fx/experimental/symbolic_shapes.py:4449] [10/80_1] ps0 is not in var_ranges, defaulting to unknown range.
W0510 13:06:06.535000 135584294576768 torch/fx/experimental/symbolic_shapes.py:4449] [10/80_1] xindex is not in var_ranges, defaulting to unknown range.
W0510 13:06:06.541000 135584294576768 torch/fx/experimental/symbolic_shapes.py:4449] [10/80_1] ps0 is not in var_ranges, defaulting to unknown range.
W0510 13:06:06.559000 135584294576768 torch/fx/experimental/symbolic_shapes.py:4449] [10/80_1] ps0 is not in var_ranges, defaulting to unknown range.
W0510 13:06:06.795000 135584294576768 torch/fx/experimental/symbolic_shapes.py:4449] [10/80_1] xindex is not in var_ranges, defaulting to unknown range.
W0510 13:06:06.836000 135584294576768 torch/fx/experimental/symbolic_shapes.py:4449] [10/80_1] ps2 is not in var_ranges, defaulting to unknown range.
W0510 13:06:06.836000 135584294576768 torch/fx/experimental/symbolic_shapes.py:4449] [10/80_1] xindex is not in var_ranges, defaulting to unknown range.
W0510 13:06:06.841000 135584294576768 torch/fx/experimental/symbolic_shapes.py:4449] [10/80_1] ps2 is not in var_ranges, defaulting to unknown range.
W0510 13:06:06.860000 135584294576768 torch/fx/experimental/symbolic_shapes.py:4449] [10/80_1] ps2 is not in var_ranges, defaulting to unknown range.
W0510 13:06:07.033000 135584294576768 torch/fx/experimental/symbolic_shapes.py:4449] [10/80_1] xindex is not in var_ranges, defaulting to unknown range.
W0510 13:06:07.069000 135584294576768 torch/fx/experimental/symbolic_shapes.py:4449] [10/80_1] ps4 is not in var_ranges, defaulting to unknown range.
W0510 13:06:07.070000 135584294576768 torch/fx/experimental/symbolic_shapes.py:4449] [10/80_1] xindex is not in var_ranges, defaulting to unknown range.
W0510 13:06:07.075000 135584294576768 torch/fx/experimental/symbolic_shapes.py:4449] [10/80_1] ps4 is not in var_ranges, defaulting to unknown range.
W0510 13:06:07.094000 135584294576768 torch/fx/experimental/symbolic_shapes.py:4449] [10/80_1] ps4 is not in var_ranges, defaulting to unknown range.
W0510 13:06:07.393000 135584294576768 torch/fx/experimental/symbolic_shapes.py:4449] [10/80_1] xindex is not in var_ranges, defaulting to unknown range.
W0510 13:06:07.677000 135584294576768 torch/fx/experimental/symbolic_shapes.py:4449] [10/80_1] xindex is not in var_ranges, defaulting to unknown range.
W0510 13:06:07.841000 135584294576768 torch/fx/experimental/symbolic_shapes.py:4449] [10/80_1] xindex is not in var_ranges, defaulting to unknown range.
W0510 13:06:37.048000 135584294576768 torch/fx/experimental/symbolic_shapes.py:4449] [10/81_1] xindex is not in var_ranges, defaulting to unknown range.
W0510 13:06:37.114000 135584294576768 torch/fx/experimental/symbolic_shapes.py:4449] [10/81_1] ps0 is not in var_ranges, defaulting to unknown range.
W0510 13:06:37.114000 135584294576768 torch/fx/experimental/symbolic_shapes.py:4449] [10/81_1] xindex is not in var_ranges, defaulting to unknown range.
W0510 13:06:37.119000 135584294576768 torch/fx/experimental/symbolic_shapes.py:4449] [10/81_1] ps0 is not in var_ranges, defaulting to unknown range.
W0510 13:06:37.138000 135584294576768 torch/fx/experimental/symbolic_shapes.py:4449] [10/81_1] ps0 is not in var_ranges, defaulting to unknown range.
W0510 13:06:37.374000 135584294576768 torch/fx/experimental/symbolic_shapes.py:4449] [10/81_1] xindex is not in var_ranges, defaulting to unknown range.
W0510 13:06:37.413000 135584294576768 torch/fx/experimental/symbolic_shapes.py:4449] [10/81_1] ps2 is not in var_ranges, defaulting to unknown range.
W0510 13:06:37.413000 135584294576768 torch/fx/experimental/symbolic_shapes.py:4449] [10/81_1] xindex is not in var_ranges, defaulting to unknown range.
W0510 13:06:37.418000 135584294576768 torch/fx/experimental/symbolic_shapes.py:4449] [10/81_1] ps2 is not in var_ranges, defaulting to unknown range.
W0510 13:06:37.437000 135584294576768 torch/fx/experimental/symbolic_shapes.py:4449] [10/81_1] ps2 is not in var_ranges, defaulting to unknown range.
W0510 13:06:37.611000 135584294576768 torch/fx/experimental/symbolic_shapes.py:4449] [10/81_1] xindex is not in var_ranges, defaulting to unknown range.
W0510 13:06:37.647000 135584294576768 torch/fx/experimental/symbolic_shapes.py:4449] [10/81_1] ps4 is not in var_ranges, defaulting to unknown range.
W0510 13:06:37.647000 135584294576768 torch/fx/experimental/symbolic_shapes.py:4449] [10/81_1] xindex is not in var_ranges, defaulting to unknown range.
W0510 13:06:37.652000 135584294576768 torch/fx/experimental/symbolic_shapes.py:4449] [10/81_1] ps4 is not in var_ranges, defaulting to unknown range.
W0510 13:06:37.671000 135584294576768 torch/fx/experimental/symbolic_shapes.py:4449] [10/81_1] ps4 is not in var_ranges, defaulting to unknown range.
W0510 13:06:37.983000 135584294576768 torch/fx/experimental/symbolic_shapes.py:4449] [10/81_1] xindex is not in var_ranges, defaulting to unknown range.
W0510 13:06:38.278000 135584294576768 torch/fx/experimental/symbolic_shapes.py:4449] [10/81_1] xindex is not in var_ranges, defaulting to unknown range.
W0510 13:06:38.428000 135584294576768 torch/fx/experimental/symbolic_shapes.py:4449] [10/81_1] xindex is not in var_ranges, defaulting to unknown range.
W0510 13:07:00.196000 135584294576768 torch/fx/experimental/symbolic_shapes.py:4449] [10/82_1] xindex is not in var_ranges, defaulting to unknown range.
W0510 13:07:00.260000 135584294576768 torch/fx/experimental/symbolic_shapes.py:4449] [10/82_1] ps0 is not in var_ranges, defaulting to unknown range.
W0510 13:07:00.260000 135584294576768 torch/fx/experimental/symbolic_shapes.py:4449] [10/82_1] xindex is not in var_ranges, defaulting to unknown range.
W0510 13:07:00.266000 135584294576768 torch/fx/experimental/symbolic_shapes.py:4449] [10/82_1] ps0 is not in var_ranges, defaulting to unknown range.
W0510 13:07:00.291000 135584294576768 torch/fx/experimental/symbolic_shapes.py:4449] [10/82_1] ps0 is not in var_ranges, defaulting to unknown range.
W0510 13:07:00.534000 135584294576768 torch/fx/experimental/symbolic_shapes.py:4449] [10/82_1] xindex is not in var_ranges, defaulting to unknown range.
W0510 13:07:00.575000 135584294576768 torch/fx/experimental/symbolic_shapes.py:4449] [10/82_1] ps2 is not in var_ranges, defaulting to unknown range.
W0510 13:07:00.575000 135584294576768 torch/fx/experimental/symbolic_shapes.py:4449] [10/82_1] xindex is not in var_ranges, defaulting to unknown range.
W0510 13:07:00.581000 135584294576768 torch/fx/experimental/symbolic_shapes.py:4449] [10/82_1] ps2 is not in var_ranges, defaulting to unknown range.
W0510 13:07:00.599000 135584294576768 torch/fx/experimental/symbolic_shapes.py:4449] [10/82_1] ps2 is not in var_ranges, defaulting to unknown range.
W0510 13:07:00.775000 135584294576768 torch/fx/experimental/symbolic_shapes.py:4449] [10/82_1] xindex is not in var_ranges, defaulting to unknown range.
W0510 13:07:00.811000 135584294576768 torch/fx/experimental/symbolic_shapes.py:4449] [10/82_1] ps4 is not in var_ranges, defaulting to unknown range.
W0510 13:07:00.812000 135584294576768 torch/fx/experimental/symbolic_shapes.py:4449] [10/82_1] xindex is not in var_ranges, defaulting to unknown range.
W0510 13:07:00.817000 135584294576768 torch/fx/experimental/symbolic_shapes.py:4449] [10/82_1] ps4 is not in var_ranges, defaulting to unknown range.
W0510 13:07:00.836000 135584294576768 torch/fx/experimental/symbolic_shapes.py:4449] [10/82_1] ps4 is not in var_ranges, defaulting to unknown range.
W0510 13:07:01.214000 135584294576768 torch/fx/experimental/symbolic_shapes.py:4449] [10/82_1] xindex is not in var_ranges, defaulting to unknown range.
W0510 13:07:01.501000 135584294576768 torch/fx/experimental/symbolic_shapes.py:4449] [10/82_1] xindex is not in var_ranges, defaulting to unknown range.
W0510 13:07:01.667000 135584294576768 torch/fx/experimental/symbolic_shapes.py:4449] [10/82_1] xindex is not in var_ranges, defaulting to unknown range.
W0510 13:07:28.188000 135584294576768 torch/fx/experimental/symbolic_shapes.py:4449] [10/83_1] xindex is not in var_ranges, defaulting to unknown range.
W0510 13:07:28.251000 135584294576768 torch/fx/experimental/symbolic_shapes.py:4449] [10/83_1] ps0 is not in var_ranges, defaulting to unknown range.
W0510 13:07:28.252000 135584294576768 torch/fx/experimental/symbolic_shapes.py:4449] [10/83_1] xindex is not in var_ranges, defaulting to unknown range.
W0510 13:07:28.257000 135584294576768 torch/fx/experimental/symbolic_shapes.py:4449] [10/83_1] ps0 is not in var_ranges, defaulting to unknown range.
W0510 13:07:28.276000 135584294576768 torch/fx/experimental/symbolic_shapes.py:4449] [10/83_1] ps0 is not in var_ranges, defaulting to unknown range.
W0510 13:07:28.516000 135584294576768 torch/fx/experimental/symbolic_shapes.py:4449] [10/83_1] xindex is not in var_ranges, defaulting to unknown range.
W0510 13:07:28.555000 135584294576768 torch/fx/experimental/symbolic_shapes.py:4449] [10/83_1] ps2 is not in var_ranges, defaulting to unknown range.
W0510 13:07:28.555000 135584294576768 torch/fx/experimental/symbolic_shapes.py:4449] [10/83_1] xindex is not in var_ranges, defaulting to unknown range.
W0510 13:07:28.560000 135584294576768 torch/fx/experimental/symbolic_shapes.py:4449] [10/83_1] ps2 is not in var_ranges, defaulting to unknown range.
W0510 13:07:28.582000 135584294576768 torch/fx/experimental/symbolic_shapes.py:4449] [10/83_1] ps2 is not in var_ranges, defaulting to unknown range.
W0510 13:07:28.756000 135584294576768 torch/fx/experimental/symbolic_shapes.py:4449] [10/83_1] xindex is not in var_ranges, defaulting to unknown range.
W0510 13:07:28.793000 135584294576768 torch/fx/experimental/symbolic_shapes.py:4449] [10/83_1] ps4 is not in var_ranges, defaulting to unknown range.
W0510 13:07:28.793000 135584294576768 torch/fx/experimental/symbolic_shapes.py:4449] [10/83_1] xindex is not in var_ranges, defaulting to unknown range.
W0510 13:07:28.799000 135584294576768 torch/fx/experimental/symbolic_shapes.py:4449] [10/83_1] ps4 is not in var_ranges, defaulting to unknown range.
W0510 13:07:28.818000 135584294576768 torch/fx/experimental/symbolic_shapes.py:4449] [10/83_1] ps4 is not in var_ranges, defaulting to unknown range.
W0510 13:07:29.117000 135584294576768 torch/fx/experimental/symbolic_shapes.py:4449] [10/83_1] xindex is not in var_ranges, defaulting to unknown range.
W0510 13:07:29.412000 135584294576768 torch/fx/experimental/symbolic_shapes.py:4449] [10/83_1] xindex is not in var_ranges, defaulting to unknown range.
W0510 13:07:29.568000 135584294576768 torch/fx/experimental/symbolic_shapes.py:4449] [10/83_1] xindex is not in var_ranges, defaulting to unknown range.
W0510 13:07:51.550000 135584294576768 torch/fx/experimental/symbolic_shapes.py:4449] [10/84_1] xindex is not in var_ranges, defaulting to unknown range.
W0510 13:07:51.614000 135584294576768 torch/fx/experimental/symbolic_shapes.py:4449] [10/84_1] ps0 is not in var_ranges, defaulting to unknown range.
W0510 13:07:51.615000 135584294576768 torch/fx/experimental/symbolic_shapes.py:4449] [10/84_1] xindex is not in var_ranges, defaulting to unknown range.
W0510 13:07:51.620000 135584294576768 torch/fx/experimental/symbolic_shapes.py:4449] [10/84_1] ps0 is not in var_ranges, defaulting to unknown range.
W0510 13:07:51.639000 135584294576768 torch/fx/experimental/symbolic_shapes.py:4449] [10/84_1] ps0 is not in var_ranges, defaulting to unknown range.
W0510 13:07:51.876000 135584294576768 torch/fx/experimental/symbolic_shapes.py:4449] [10/84_1] xindex is not in var_ranges, defaulting to unknown range.
W0510 13:07:51.914000 135584294576768 torch/fx/experimental/symbolic_shapes.py:4449] [10/84_1] ps2 is not in var_ranges, defaulting to unknown range.
W0510 13:07:51.915000 135584294576768 torch/fx/experimental/symbolic_shapes.py:4449] [10/84_1] xindex is not in var_ranges, defaulting to unknown range.
W0510 13:07:51.920000 135584294576768 torch/fx/experimental/symbolic_shapes.py:4449] [10/84_1] ps2 is not in var_ranges, defaulting to unknown range.
W0510 13:07:51.939000 135584294576768 torch/fx/experimental/symbolic_shapes.py:4449] [10/84_1] ps2 is not in var_ranges, defaulting to unknown range.
W0510 13:07:52.112000 135584294576768 torch/fx/experimental/symbolic_shapes.py:4449] [10/84_1] xindex is not in var_ranges, defaulting to unknown range.
W0510 13:07:52.149000 135584294576768 torch/fx/experimental/symbolic_shapes.py:4449] [10/84_1] ps4 is not in var_ranges, defaulting to unknown range.
W0510 13:07:52.149000 135584294576768 torch/fx/experimental/symbolic_shapes.py:4449] [10/84_1] xindex is not in var_ranges, defaulting to unknown range.
W0510 13:07:52.154000 135584294576768 torch/fx/experimental/symbolic_shapes.py:4449] [10/84_1] ps4 is not in var_ranges, defaulting to unknown range.
W0510 13:07:52.176000 135584294576768 torch/fx/experimental/symbolic_shapes.py:4449] [10/84_1] ps4 is not in var_ranges, defaulting to unknown range.
W0510 13:07:52.487000 135584294576768 torch/fx/experimental/symbolic_shapes.py:4449] [10/84_1] xindex is not in var_ranges, defaulting to unknown range.
W0510 13:07:52.768000 135584294576768 torch/fx/experimental/symbolic_shapes.py:4449] [10/84_1] xindex is not in var_ranges, defaulting to unknown range.
W0510 13:07:52.917000 135584294576768 torch/fx/experimental/symbolic_shapes.py:4449] [10/84_1] xindex is not in var_ranges, defaulting to unknown range.
W0510 13:08:19.688000 135584294576768 torch/fx/experimental/symbolic_shapes.py:4449] [10/85_1] xindex is not in var_ranges, defaulting to unknown range.
W0510 13:08:19.753000 135584294576768 torch/fx/experimental/symbolic_shapes.py:4449] [10/85_1] ps0 is not in var_ranges, defaulting to unknown range.
W0510 13:08:19.753000 135584294576768 torch/fx/experimental/symbolic_shapes.py:4449] [10/85_1] xindex is not in var_ranges, defaulting to unknown range.
W0510 13:08:19.758000 135584294576768 torch/fx/experimental/symbolic_shapes.py:4449] [10/85_1] ps0 is not in var_ranges, defaulting to unknown range.
W0510 13:08:19.777000 135584294576768 torch/fx/experimental/symbolic_shapes.py:4449] [10/85_1] ps0 is not in var_ranges, defaulting to unknown range.
W0510 13:08:20.016000 135584294576768 torch/fx/experimental/symbolic_shapes.py:4449] [10/85_1] xindex is not in var_ranges, defaulting to unknown range.
W0510 13:08:20.055000 135584294576768 torch/fx/experimental/symbolic_shapes.py:4449] [10/85_1] ps2 is not in var_ranges, defaulting to unknown range.
W0510 13:08:20.055000 135584294576768 torch/fx/experimental/symbolic_shapes.py:4449] [10/85_1] xindex is not in var_ranges, defaulting to unknown range.
W0510 13:08:20.060000 135584294576768 torch/fx/experimental/symbolic_shapes.py:4449] [10/85_1] ps2 is not in var_ranges, defaulting to unknown range.
W0510 13:08:20.079000 135584294576768 torch/fx/experimental/symbolic_shapes.py:4449] [10/85_1] ps2 is not in var_ranges, defaulting to unknown range.
W0510 13:08:20.253000 135584294576768 torch/fx/experimental/symbolic_shapes.py:4449] [10/85_1] xindex is not in var_ranges, defaulting to unknown range.
W0510 13:08:20.289000 135584294576768 torch/fx/experimental/symbolic_shapes.py:4449] [10/85_1] ps4 is not in var_ranges, defaulting to unknown range.
W0510 13:08:20.290000 135584294576768 torch/fx/experimental/symbolic_shapes.py:4449] [10/85_1] xindex is not in var_ranges, defaulting to unknown range.
W0510 13:08:20.295000 135584294576768 torch/fx/experimental/symbolic_shapes.py:4449] [10/85_1] ps4 is not in var_ranges, defaulting to unknown range.
W0510 13:08:20.314000 135584294576768 torch/fx/experimental/symbolic_shapes.py:4449] [10/85_1] ps4 is not in var_ranges, defaulting to unknown range.
W0510 13:08:20.624000 135584294576768 torch/fx/experimental/symbolic_shapes.py:4449] [10/85_1] xindex is not in var_ranges, defaulting to unknown range.
W0510 13:08:20.924000 135584294576768 torch/fx/experimental/symbolic_shapes.py:4449] [10/85_1] xindex is not in var_ranges, defaulting to unknown range.
W0510 13:08:21.074000 135584294576768 torch/fx/experimental/symbolic_shapes.py:4449] [10/85_1] xindex is not in var_ranges, defaulting to unknown range.
W0510 13:08:47.775000 135584294576768 torch/fx/experimental/symbolic_shapes.py:4449] [10/86_1] xindex is not in var_ranges, defaulting to unknown range.
W0510 13:08:47.868000 135584294576768 torch/fx/experimental/symbolic_shapes.py:4449] [10/86_1] ps0 is not in var_ranges, defaulting to unknown range.
W0510 13:08:47.868000 135584294576768 torch/fx/experimental/symbolic_shapes.py:4449] [10/86_1] xindex is not in var_ranges, defaulting to unknown range.
W0510 13:08:47.877000 135584294576768 torch/fx/experimental/symbolic_shapes.py:4449] [10/86_1] ps0 is not in var_ranges, defaulting to unknown range.
W0510 13:08:47.906000 135584294576768 torch/fx/experimental/symbolic_shapes.py:4449] [10/86_1] ps0 is not in var_ranges, defaulting to unknown range.
W0510 13:08:48.301000 135584294576768 torch/fx/experimental/symbolic_shapes.py:4449] [10/86_1] xindex is not in var_ranges, defaulting to unknown range.
W0510 13:08:48.355000 135584294576768 torch/fx/experimental/symbolic_shapes.py:4449] [10/86_1] ps2 is not in var_ranges, defaulting to unknown range.
W0510 13:08:48.355000 135584294576768 torch/fx/experimental/symbolic_shapes.py:4449] [10/86_1] xindex is not in var_ranges, defaulting to unknown range.
W0510 13:08:48.363000 135584294576768 torch/fx/experimental/symbolic_shapes.py:4449] [10/86_1] ps2 is not in var_ranges, defaulting to unknown range.
W0510 13:08:48.391000 135584294576768 torch/fx/experimental/symbolic_shapes.py:4449] [10/86_1] ps2 is not in var_ranges, defaulting to unknown range.
W0510 13:08:48.651000 135584294576768 torch/fx/experimental/symbolic_shapes.py:4449] [10/86_1] xindex is not in var_ranges, defaulting to unknown range.
W0510 13:08:48.703000 135584294576768 torch/fx/experimental/symbolic_shapes.py:4449] [10/86_1] ps4 is not in var_ranges, defaulting to unknown range.
W0510 13:08:48.703000 135584294576768 torch/fx/experimental/symbolic_shapes.py:4449] [10/86_1] xindex is not in var_ranges, defaulting to unknown range.
W0510 13:08:48.711000 135584294576768 torch/fx/experimental/symbolic_shapes.py:4449] [10/86_1] ps4 is not in var_ranges, defaulting to unknown range.
W0510 13:08:48.739000 135584294576768 torch/fx/experimental/symbolic_shapes.py:4449] [10/86_1] ps4 is not in var_ranges, defaulting to unknown range.
W0510 13:08:49.228000 135584294576768 torch/fx/experimental/symbolic_shapes.py:4449] [10/86_1] xindex is not in var_ranges, defaulting to unknown range.
W0510 13:08:49.705000 135584294576768 torch/fx/experimental/symbolic_shapes.py:4449] [10/86_1] xindex is not in var_ranges, defaulting to unknown range.
W0510 13:08:49.928000 135584294576768 torch/fx/experimental/symbolic_shapes.py:4449] [10/86_1] xindex is not in var_ranges, defaulting to unknown range.
W0510 13:09:15.157000 135584294576768 torch/fx/experimental/symbolic_shapes.py:4449] [10/87_1] xindex is not in var_ranges, defaulting to unknown range.
W0510 13:09:15.221000 135584294576768 torch/fx/experimental/symbolic_shapes.py:4449] [10/87_1] ps0 is not in var_ranges, defaulting to unknown range.
W0510 13:09:15.222000 135584294576768 torch/fx/experimental/symbolic_shapes.py:4449] [10/87_1] xindex is not in var_ranges, defaulting to unknown range.
W0510 13:09:15.227000 135584294576768 torch/fx/experimental/symbolic_shapes.py:4449] [10/87_1] ps0 is not in var_ranges, defaulting to unknown range.
W0510 13:09:15.255000 135584294576768 torch/fx/experimental/symbolic_shapes.py:4449] [10/87_1] ps0 is not in var_ranges, defaulting to unknown range.
W0510 13:09:15.498000 135584294576768 torch/fx/experimental/symbolic_shapes.py:4449] [10/87_1] xindex is not in var_ranges, defaulting to unknown range.
W0510 13:09:15.538000 135584294576768 torch/fx/experimental/symbolic_shapes.py:4449] [10/87_1] ps2 is not in var_ranges, defaulting to unknown range.
W0510 13:09:15.538000 135584294576768 torch/fx/experimental/symbolic_shapes.py:4449] [10/87_1] xindex is not in var_ranges, defaulting to unknown range.
W0510 13:09:15.547000 135584294576768 torch/fx/experimental/symbolic_shapes.py:4449] [10/87_1] ps2 is not in var_ranges, defaulting to unknown range.
W0510 13:09:15.573000 135584294576768 torch/fx/experimental/symbolic_shapes.py:4449] [10/87_1] ps2 is not in var_ranges, defaulting to unknown range.
W0510 13:09:15.751000 135584294576768 torch/fx/experimental/symbolic_shapes.py:4449] [10/87_1] xindex is not in var_ranges, defaulting to unknown range.
W0510 13:09:15.791000 135584294576768 torch/fx/experimental/symbolic_shapes.py:4449] [10/87_1] ps4 is not in var_ranges, defaulting to unknown range.
W0510 13:09:15.791000 135584294576768 torch/fx/experimental/symbolic_shapes.py:4449] [10/87_1] xindex is not in var_ranges, defaulting to unknown range.
W0510 13:09:15.797000 135584294576768 torch/fx/experimental/symbolic_shapes.py:4449] [10/87_1] ps4 is not in var_ranges, defaulting to unknown range.
W0510 13:09:15.816000 135584294576768 torch/fx/experimental/symbolic_shapes.py:4449] [10/87_1] ps4 is not in var_ranges, defaulting to unknown range.
W0510 13:09:16.118000 135584294576768 torch/fx/experimental/symbolic_shapes.py:4449] [10/87_1] xindex is not in var_ranges, defaulting to unknown range.
W0510 13:09:16.405000 135584294576768 torch/fx/experimental/symbolic_shapes.py:4449] [10/87_1] xindex is not in var_ranges, defaulting to unknown range.
W0510 13:09:16.558000 135584294576768 torch/fx/experimental/symbolic_shapes.py:4449] [10/87_1] xindex is not in var_ranges, defaulting to unknown range.
W0510 13:09:41.701000 135584294576768 torch/fx/experimental/symbolic_shapes.py:4449] [10/88_1] xindex is not in var_ranges, defaulting to unknown range.
W0510 13:09:41.796000 135584294576768 torch/fx/experimental/symbolic_shapes.py:4449] [10/88_1] ps0 is not in var_ranges, defaulting to unknown range.
W0510 13:09:41.797000 135584294576768 torch/fx/experimental/symbolic_shapes.py:4449] [10/88_1] xindex is not in var_ranges, defaulting to unknown range.
W0510 13:09:41.804000 135584294576768 torch/fx/experimental/symbolic_shapes.py:4449] [10/88_1] ps0 is not in var_ranges, defaulting to unknown range.
W0510 13:09:41.833000 135584294576768 torch/fx/experimental/symbolic_shapes.py:4449] [10/88_1] ps0 is not in var_ranges, defaulting to unknown range.
W0510 13:09:42.179000 135584294576768 torch/fx/experimental/symbolic_shapes.py:4449] [10/88_1] xindex is not in var_ranges, defaulting to unknown range.
W0510 13:09:42.235000 135584294576768 torch/fx/experimental/symbolic_shapes.py:4449] [10/88_1] ps2 is not in var_ranges, defaulting to unknown range.
W0510 13:09:42.235000 135584294576768 torch/fx/experimental/symbolic_shapes.py:4449] [10/88_1] xindex is not in var_ranges, defaulting to unknown range.
W0510 13:09:42.243000 135584294576768 torch/fx/experimental/symbolic_shapes.py:4449] [10/88_1] ps2 is not in var_ranges, defaulting to unknown range.
W0510 13:09:42.271000 135584294576768 torch/fx/experimental/symbolic_shapes.py:4449] [10/88_1] ps2 is not in var_ranges, defaulting to unknown range.
W0510 13:09:42.527000 135584294576768 torch/fx/experimental/symbolic_shapes.py:4449] [10/88_1] xindex is not in var_ranges, defaulting to unknown range.
W0510 13:09:42.581000 135584294576768 torch/fx/experimental/symbolic_shapes.py:4449] [10/88_1] ps4 is not in var_ranges, defaulting to unknown range.
W0510 13:09:42.581000 135584294576768 torch/fx/experimental/symbolic_shapes.py:4449] [10/88_1] xindex is not in var_ranges, defaulting to unknown range.
W0510 13:09:42.588000 135584294576768 torch/fx/experimental/symbolic_shapes.py:4449] [10/88_1] ps4 is not in var_ranges, defaulting to unknown range.
W0510 13:09:42.614000 135584294576768 torch/fx/experimental/symbolic_shapes.py:4449] [10/88_1] ps4 is not in var_ranges, defaulting to unknown range.
W0510 13:09:43.059000 135584294576768 torch/fx/experimental/symbolic_shapes.py:4449] [10/88_1] xindex is not in var_ranges, defaulting to unknown range.
W0510 13:09:43.469000 135584294576768 torch/fx/experimental/symbolic_shapes.py:4449] [10/88_1] xindex is not in var_ranges, defaulting to unknown range.
W0510 13:09:43.685000 135584294576768 torch/fx/experimental/symbolic_shapes.py:4449] [10/88_1] xindex is not in var_ranges, defaulting to unknown range.
W0510 13:10:06.744000 135584294576768 torch/fx/experimental/symbolic_shapes.py:4449] [10/89_1] xindex is not in var_ranges, defaulting to unknown range.
W0510 13:10:06.812000 135584294576768 torch/fx/experimental/symbolic_shapes.py:4449] [10/89_1] ps0 is not in var_ranges, defaulting to unknown range.
W0510 13:10:06.813000 135584294576768 torch/fx/experimental/symbolic_shapes.py:4449] [10/89_1] xindex is not in var_ranges, defaulting to unknown range.
W0510 13:10:06.818000 135584294576768 torch/fx/experimental/symbolic_shapes.py:4449] [10/89_1] ps0 is not in var_ranges, defaulting to unknown range.
W0510 13:10:06.837000 135584294576768 torch/fx/experimental/symbolic_shapes.py:4449] [10/89_1] ps0 is not in var_ranges, defaulting to unknown range.
W0510 13:10:07.078000 135584294576768 torch/fx/experimental/symbolic_shapes.py:4449] [10/89_1] xindex is not in var_ranges, defaulting to unknown range.
W0510 13:10:07.116000 135584294576768 torch/fx/experimental/symbolic_shapes.py:4449] [10/89_1] ps2 is not in var_ranges, defaulting to unknown range.
W0510 13:10:07.116000 135584294576768 torch/fx/experimental/symbolic_shapes.py:4449] [10/89_1] xindex is not in var_ranges, defaulting to unknown range.
W0510 13:10:07.121000 135584294576768 torch/fx/experimental/symbolic_shapes.py:4449] [10/89_1] ps2 is not in var_ranges, defaulting to unknown range.
W0510 13:10:07.140000 135584294576768 torch/fx/experimental/symbolic_shapes.py:4449] [10/89_1] ps2 is not in var_ranges, defaulting to unknown range.
W0510 13:10:07.328000 135584294576768 torch/fx/experimental/symbolic_shapes.py:4449] [10/89_1] xindex is not in var_ranges, defaulting to unknown range.
W0510 13:10:07.364000 135584294576768 torch/fx/experimental/symbolic_shapes.py:4449] [10/89_1] ps4 is not in var_ranges, defaulting to unknown range.
W0510 13:10:07.365000 135584294576768 torch/fx/experimental/symbolic_shapes.py:4449] [10/89_1] xindex is not in var_ranges, defaulting to unknown range.
W0510 13:10:07.370000 135584294576768 torch/fx/experimental/symbolic_shapes.py:4449] [10/89_1] ps4 is not in var_ranges, defaulting to unknown range.
W0510 13:10:07.389000 135584294576768 torch/fx/experimental/symbolic_shapes.py:4449] [10/89_1] ps4 is not in var_ranges, defaulting to unknown range.
W0510 13:10:07.701000 135584294576768 torch/fx/experimental/symbolic_shapes.py:4449] [10/89_1] xindex is not in var_ranges, defaulting to unknown range.
W0510 13:10:07.987000 135584294576768 torch/fx/experimental/symbolic_shapes.py:4449] [10/89_1] xindex is not in var_ranges, defaulting to unknown range.
W0510 13:10:08.139000 135584294576768 torch/fx/experimental/symbolic_shapes.py:4449] [10/89_1] xindex is not in var_ranges, defaulting to unknown range.
W0510 13:10:34.317000 135584294576768 torch/fx/experimental/symbolic_shapes.py:4449] [10/90_1] xindex is not in var_ranges, defaulting to unknown range.
W0510 13:10:34.402000 135584294576768 torch/fx/experimental/symbolic_shapes.py:4449] [10/90_1] ps0 is not in var_ranges, defaulting to unknown range.
W0510 13:10:34.403000 135584294576768 torch/fx/experimental/symbolic_shapes.py:4449] [10/90_1] xindex is not in var_ranges, defaulting to unknown range.
W0510 13:10:34.409000 135584294576768 torch/fx/experimental/symbolic_shapes.py:4449] [10/90_1] ps0 is not in var_ranges, defaulting to unknown range.
W0510 13:10:34.434000 135584294576768 torch/fx/experimental/symbolic_shapes.py:4449] [10/90_1] ps0 is not in var_ranges, defaulting to unknown range.
W0510 13:10:34.747000 135584294576768 torch/fx/experimental/symbolic_shapes.py:4449] [10/90_1] xindex is not in var_ranges, defaulting to unknown range.
W0510 13:10:34.810000 135584294576768 torch/fx/experimental/symbolic_shapes.py:4449] [10/90_1] ps2 is not in var_ranges, defaulting to unknown range.
W0510 13:10:34.810000 135584294576768 torch/fx/experimental/symbolic_shapes.py:4449] [10/90_1] xindex is not in var_ranges, defaulting to unknown range.
W0510 13:10:34.817000 135584294576768 torch/fx/experimental/symbolic_shapes.py:4449] [10/90_1] ps2 is not in var_ranges, defaulting to unknown range.
W0510 13:10:34.844000 135584294576768 torch/fx/experimental/symbolic_shapes.py:4449] [10/90_1] ps2 is not in var_ranges, defaulting to unknown range.
W0510 13:10:35.085000 135584294576768 torch/fx/experimental/symbolic_shapes.py:4449] [10/90_1] xindex is not in var_ranges, defaulting to unknown range.
W0510 13:10:35.132000 135584294576768 torch/fx/experimental/symbolic_shapes.py:4449] [10/90_1] ps4 is not in var_ranges, defaulting to unknown range.
W0510 13:10:35.132000 135584294576768 torch/fx/experimental/symbolic_shapes.py:4449] [10/90_1] xindex is not in var_ranges, defaulting to unknown range.
W0510 13:10:35.138000 135584294576768 torch/fx/experimental/symbolic_shapes.py:4449] [10/90_1] ps4 is not in var_ranges, defaulting to unknown range.
W0510 13:10:35.162000 135584294576768 torch/fx/experimental/symbolic_shapes.py:4449] [10/90_1] ps4 is not in var_ranges, defaulting to unknown range.
W0510 13:10:35.525000 135584294576768 torch/fx/experimental/symbolic_shapes.py:4449] [10/90_1] xindex is not in var_ranges, defaulting to unknown range.
W0510 13:10:35.814000 135584294576768 torch/fx/experimental/symbolic_shapes.py:4449] [10/90_1] xindex is not in var_ranges, defaulting to unknown range.
W0510 13:10:35.968000 135584294576768 torch/fx/experimental/symbolic_shapes.py:4449] [10/90_1] xindex is not in var_ranges, defaulting to unknown range.
W0510 13:10:57.860000 135584294576768 torch/fx/experimental/symbolic_shapes.py:4449] [10/91_1] xindex is not in var_ranges, defaulting to unknown range.
W0510 13:10:57.924000 135584294576768 torch/fx/experimental/symbolic_shapes.py:4449] [10/91_1] ps0 is not in var_ranges, defaulting to unknown range.
W0510 13:10:57.924000 135584294576768 torch/fx/experimental/symbolic_shapes.py:4449] [10/91_1] xindex is not in var_ranges, defaulting to unknown range.
W0510 13:10:57.929000 135584294576768 torch/fx/experimental/symbolic_shapes.py:4449] [10/91_1] ps0 is not in var_ranges, defaulting to unknown range.
W0510 13:10:57.948000 135584294576768 torch/fx/experimental/symbolic_shapes.py:4449] [10/91_1] ps0 is not in var_ranges, defaulting to unknown range.
W0510 13:10:58.184000 135584294576768 torch/fx/experimental/symbolic_shapes.py:4449] [10/91_1] xindex is not in var_ranges, defaulting to unknown range.
W0510 13:10:58.222000 135584294576768 torch/fx/experimental/symbolic_shapes.py:4449] [10/91_1] ps2 is not in var_ranges, defaulting to unknown range.
W0510 13:10:58.223000 135584294576768 torch/fx/experimental/symbolic_shapes.py:4449] [10/91_1] xindex is not in var_ranges, defaulting to unknown range.
W0510 13:10:58.228000 135584294576768 torch/fx/experimental/symbolic_shapes.py:4449] [10/91_1] ps2 is not in var_ranges, defaulting to unknown range.
W0510 13:10:58.247000 135584294576768 torch/fx/experimental/symbolic_shapes.py:4449] [10/91_1] ps2 is not in var_ranges, defaulting to unknown range.
W0510 13:10:58.421000 135584294576768 torch/fx/experimental/symbolic_shapes.py:4449] [10/91_1] xindex is not in var_ranges, defaulting to unknown range.
W0510 13:10:58.457000 135584294576768 torch/fx/experimental/symbolic_shapes.py:4449] [10/91_1] ps4 is not in var_ranges, defaulting to unknown range.
W0510 13:10:58.457000 135584294576768 torch/fx/experimental/symbolic_shapes.py:4449] [10/91_1] xindex is not in var_ranges, defaulting to unknown range.
W0510 13:10:58.462000 135584294576768 torch/fx/experimental/symbolic_shapes.py:4449] [10/91_1] ps4 is not in var_ranges, defaulting to unknown range.
W0510 13:10:58.484000 135584294576768 torch/fx/experimental/symbolic_shapes.py:4449] [10/91_1] ps4 is not in var_ranges, defaulting to unknown range.
W0510 13:10:58.783000 135584294576768 torch/fx/experimental/symbolic_shapes.py:4449] [10/91_1] xindex is not in var_ranges, defaulting to unknown range.
W0510 13:10:59.065000 135584294576768 torch/fx/experimental/symbolic_shapes.py:4449] [10/91_1] xindex is not in var_ranges, defaulting to unknown range.
W0510 13:10:59.214000 135584294576768 torch/fx/experimental/symbolic_shapes.py:4449] [10/91_1] xindex is not in var_ranges, defaulting to unknown range.
W0510 13:11:29.146000 135584294576768 torch/fx/experimental/symbolic_shapes.py:4449] [10/92_1] xindex is not in var_ranges, defaulting to unknown range.
W0510 13:11:29.209000 135584294576768 torch/fx/experimental/symbolic_shapes.py:4449] [10/92_1] ps0 is not in var_ranges, defaulting to unknown range.
W0510 13:11:29.209000 135584294576768 torch/fx/experimental/symbolic_shapes.py:4449] [10/92_1] xindex is not in var_ranges, defaulting to unknown range.
W0510 13:11:29.215000 135584294576768 torch/fx/experimental/symbolic_shapes.py:4449] [10/92_1] ps0 is not in var_ranges, defaulting to unknown range.
W0510 13:11:29.234000 135584294576768 torch/fx/experimental/symbolic_shapes.py:4449] [10/92_1] ps0 is not in var_ranges, defaulting to unknown range.
W0510 13:11:29.469000 135584294576768 torch/fx/experimental/symbolic_shapes.py:4449] [10/92_1] xindex is not in var_ranges, defaulting to unknown range.
W0510 13:11:29.508000 135584294576768 torch/fx/experimental/symbolic_shapes.py:4449] [10/92_1] ps2 is not in var_ranges, defaulting to unknown range.
W0510 13:11:29.508000 135584294576768 torch/fx/experimental/symbolic_shapes.py:4449] [10/92_1] xindex is not in var_ranges, defaulting to unknown range.
W0510 13:11:29.513000 135584294576768 torch/fx/experimental/symbolic_shapes.py:4449] [10/92_1] ps2 is not in var_ranges, defaulting to unknown range.
W0510 13:11:29.532000 135584294576768 torch/fx/experimental/symbolic_shapes.py:4449] [10/92_1] ps2 is not in var_ranges, defaulting to unknown range.
W0510 13:11:29.719000 135584294576768 torch/fx/experimental/symbolic_shapes.py:4449] [10/92_1] xindex is not in var_ranges, defaulting to unknown range.
W0510 13:11:29.755000 135584294576768 torch/fx/experimental/symbolic_shapes.py:4449] [10/92_1] ps4 is not in var_ranges, defaulting to unknown range.
W0510 13:11:29.755000 135584294576768 torch/fx/experimental/symbolic_shapes.py:4449] [10/92_1] xindex is not in var_ranges, defaulting to unknown range.
W0510 13:11:29.761000 135584294576768 torch/fx/experimental/symbolic_shapes.py:4449] [10/92_1] ps4 is not in var_ranges, defaulting to unknown range.
W0510 13:11:29.787000 135584294576768 torch/fx/experimental/symbolic_shapes.py:4449] [10/92_1] ps4 is not in var_ranges, defaulting to unknown range.
W0510 13:11:30.093000 135584294576768 torch/fx/experimental/symbolic_shapes.py:4449] [10/92_1] xindex is not in var_ranges, defaulting to unknown range.
W0510 13:11:30.392000 135584294576768 torch/fx/experimental/symbolic_shapes.py:4449] [10/92_1] xindex is not in var_ranges, defaulting to unknown range.
W0510 13:11:30.546000 135584294576768 torch/fx/experimental/symbolic_shapes.py:4449] [10/92_1] xindex is not in var_ranges, defaulting to unknown range.
W0510 13:11:52.742000 135584294576768 torch/fx/experimental/symbolic_shapes.py:4449] [10/93_1] xindex is not in var_ranges, defaulting to unknown range.
W0510 13:11:52.808000 135584294576768 torch/fx/experimental/symbolic_shapes.py:4449] [10/93_1] ps0 is not in var_ranges, defaulting to unknown range.
W0510 13:11:52.808000 135584294576768 torch/fx/experimental/symbolic_shapes.py:4449] [10/93_1] xindex is not in var_ranges, defaulting to unknown range.
W0510 13:11:52.815000 135584294576768 torch/fx/experimental/symbolic_shapes.py:4449] [10/93_1] ps0 is not in var_ranges, defaulting to unknown range.
W0510 13:11:52.835000 135584294576768 torch/fx/experimental/symbolic_shapes.py:4449] [10/93_1] ps0 is not in var_ranges, defaulting to unknown range.
W0510 13:11:53.075000 135584294576768 torch/fx/experimental/symbolic_shapes.py:4449] [10/93_1] xindex is not in var_ranges, defaulting to unknown range.
W0510 13:11:53.114000 135584294576768 torch/fx/experimental/symbolic_shapes.py:4449] [10/93_1] ps2 is not in var_ranges, defaulting to unknown range.
W0510 13:11:53.114000 135584294576768 torch/fx/experimental/symbolic_shapes.py:4449] [10/93_1] xindex is not in var_ranges, defaulting to unknown range.
W0510 13:11:53.120000 135584294576768 torch/fx/experimental/symbolic_shapes.py:4449] [10/93_1] ps2 is not in var_ranges, defaulting to unknown range.
W0510 13:11:53.139000 135584294576768 torch/fx/experimental/symbolic_shapes.py:4449] [10/93_1] ps2 is not in var_ranges, defaulting to unknown range.
W0510 13:11:53.320000 135584294576768 torch/fx/experimental/symbolic_shapes.py:4449] [10/93_1] xindex is not in var_ranges, defaulting to unknown range.
W0510 13:11:53.357000 135584294576768 torch/fx/experimental/symbolic_shapes.py:4449] [10/93_1] ps4 is not in var_ranges, defaulting to unknown range.
W0510 13:11:53.357000 135584294576768 torch/fx/experimental/symbolic_shapes.py:4449] [10/93_1] xindex is not in var_ranges, defaulting to unknown range.
W0510 13:11:53.363000 135584294576768 torch/fx/experimental/symbolic_shapes.py:4449] [10/93_1] ps4 is not in var_ranges, defaulting to unknown range.
W0510 13:11:53.383000 135584294576768 torch/fx/experimental/symbolic_shapes.py:4449] [10/93_1] ps4 is not in var_ranges, defaulting to unknown range.
W0510 13:11:53.694000 135584294576768 torch/fx/experimental/symbolic_shapes.py:4449] [10/93_1] xindex is not in var_ranges, defaulting to unknown range.
W0510 13:11:53.990000 135584294576768 torch/fx/experimental/symbolic_shapes.py:4449] [10/93_1] xindex is not in var_ranges, defaulting to unknown range.
W0510 13:11:54.144000 135584294576768 torch/fx/experimental/symbolic_shapes.py:4449] [10/93_1] xindex is not in var_ranges, defaulting to unknown range.
W0510 13:12:21.272000 135584294576768 torch/fx/experimental/symbolic_shapes.py:4449] [10/94_1] xindex is not in var_ranges, defaulting to unknown range.
W0510 13:12:21.348000 135584294576768 torch/fx/experimental/symbolic_shapes.py:4449] [10/94_1] ps0 is not in var_ranges, defaulting to unknown range.
W0510 13:12:21.349000 135584294576768 torch/fx/experimental/symbolic_shapes.py:4449] [10/94_1] xindex is not in var_ranges, defaulting to unknown range.
W0510 13:12:21.474000 135584294576768 torch/fx/experimental/symbolic_shapes.py:4449] [10/94_1] ps0 is not in var_ranges, defaulting to unknown range.
W0510 13:12:21.494000 135584294576768 torch/fx/experimental/symbolic_shapes.py:4449] [10/94_1] ps0 is not in var_ranges, defaulting to unknown range.
W0510 13:12:21.749000 135584294576768 torch/fx/experimental/symbolic_shapes.py:4449] [10/94_1] xindex is not in var_ranges, defaulting to unknown range.
W0510 13:12:21.788000 135584294576768 torch/fx/experimental/symbolic_shapes.py:4449] [10/94_1] ps2 is not in var_ranges, defaulting to unknown range.
W0510 13:12:21.788000 135584294576768 torch/fx/experimental/symbolic_shapes.py:4449] [10/94_1] xindex is not in var_ranges, defaulting to unknown range.
W0510 13:12:21.793000 135584294576768 torch/fx/experimental/symbolic_shapes.py:4449] [10/94_1] ps2 is not in var_ranges, defaulting to unknown range.
W0510 13:12:21.812000 135584294576768 torch/fx/experimental/symbolic_shapes.py:4449] [10/94_1] ps2 is not in var_ranges, defaulting to unknown range.
W0510 13:12:21.988000 135584294576768 torch/fx/experimental/symbolic_shapes.py:4449] [10/94_1] xindex is not in var_ranges, defaulting to unknown range.
W0510 13:12:22.027000 135584294576768 torch/fx/experimental/symbolic_shapes.py:4449] [10/94_1] ps4 is not in var_ranges, defaulting to unknown range.
W0510 13:12:22.027000 135584294576768 torch/fx/experimental/symbolic_shapes.py:4449] [10/94_1] xindex is not in var_ranges, defaulting to unknown range.
W0510 13:12:22.033000 135584294576768 torch/fx/experimental/symbolic_shapes.py:4449] [10/94_1] ps4 is not in var_ranges, defaulting to unknown range.
W0510 13:12:22.052000 135584294576768 torch/fx/experimental/symbolic_shapes.py:4449] [10/94_1] ps4 is not in var_ranges, defaulting to unknown range.
W0510 13:12:22.354000 135584294576768 torch/fx/experimental/symbolic_shapes.py:4449] [10/94_1] xindex is not in var_ranges, defaulting to unknown range.
W0510 13:12:22.638000 135584294576768 torch/fx/experimental/symbolic_shapes.py:4449] [10/94_1] xindex is not in var_ranges, defaulting to unknown range.
W0510 13:12:22.791000 135584294576768 torch/fx/experimental/symbolic_shapes.py:4449] [10/94_1] xindex is not in var_ranges, defaulting to unknown range.
W0510 13:12:45.289000 135584294576768 torch/fx/experimental/symbolic_shapes.py:4449] [10/95_1] xindex is not in var_ranges, defaulting to unknown range.
W0510 13:12:45.372000 135584294576768 torch/fx/experimental/symbolic_shapes.py:4449] [10/95_1] ps0 is not in var_ranges, defaulting to unknown range.
W0510 13:12:45.372000 135584294576768 torch/fx/experimental/symbolic_shapes.py:4449] [10/95_1] xindex is not in var_ranges, defaulting to unknown range.
W0510 13:12:45.379000 135584294576768 torch/fx/experimental/symbolic_shapes.py:4449] [10/95_1] ps0 is not in var_ranges, defaulting to unknown range.
W0510 13:12:45.403000 135584294576768 torch/fx/experimental/symbolic_shapes.py:4449] [10/95_1] ps0 is not in var_ranges, defaulting to unknown range.
W0510 13:12:45.727000 135584294576768 torch/fx/experimental/symbolic_shapes.py:4449] [10/95_1] xindex is not in var_ranges, defaulting to unknown range.
W0510 13:12:45.779000 135584294576768 torch/fx/experimental/symbolic_shapes.py:4449] [10/95_1] ps2 is not in var_ranges, defaulting to unknown range.
W0510 13:12:45.779000 135584294576768 torch/fx/experimental/symbolic_shapes.py:4449] [10/95_1] xindex is not in var_ranges, defaulting to unknown range.
W0510 13:12:45.786000 135584294576768 torch/fx/experimental/symbolic_shapes.py:4449] [10/95_1] ps2 is not in var_ranges, defaulting to unknown range.
W0510 13:12:45.812000 135584294576768 torch/fx/experimental/symbolic_shapes.py:4449] [10/95_1] ps2 is not in var_ranges, defaulting to unknown range.
W0510 13:12:46.068000 135584294576768 torch/fx/experimental/symbolic_shapes.py:4449] [10/95_1] xindex is not in var_ranges, defaulting to unknown range.
W0510 13:12:46.122000 135584294576768 torch/fx/experimental/symbolic_shapes.py:4449] [10/95_1] ps4 is not in var_ranges, defaulting to unknown range.
W0510 13:12:46.122000 135584294576768 torch/fx/experimental/symbolic_shapes.py:4449] [10/95_1] xindex is not in var_ranges, defaulting to unknown range.
W0510 13:12:46.130000 135584294576768 torch/fx/experimental/symbolic_shapes.py:4449] [10/95_1] ps4 is not in var_ranges, defaulting to unknown range.
W0510 13:12:46.158000 135584294576768 torch/fx/experimental/symbolic_shapes.py:4449] [10/95_1] ps4 is not in var_ranges, defaulting to unknown range.
W0510 13:12:46.600000 135584294576768 torch/fx/experimental/symbolic_shapes.py:4449] [10/95_1] xindex is not in var_ranges, defaulting to unknown range.
W0510 13:12:47.000000 135584294576768 torch/fx/experimental/symbolic_shapes.py:4449] [10/95_1] xindex is not in var_ranges, defaulting to unknown range.
W0510 13:12:47.218000 135584294576768 torch/fx/experimental/symbolic_shapes.py:4449] [10/95_1] xindex is not in var_ranges, defaulting to unknown range.
AUTOTUNE bmm(64x8x1024, 64x1024x1024)
  triton_bmm_2747 0.0183 ms 100.0%
  triton_bmm_2745 0.0220 ms 83.0%
  triton_bmm_2748 0.0223 ms 81.9%
  triton_bmm_2743 0.0225 ms 81.1%
  triton_bmm_2752 0.0236 ms 77.4%
  triton_bmm_2737 0.0264 ms 69.1%
  triton_bmm_2746 0.0269 ms 68.0%
  triton_bmm_2738 0.0275 ms 66.4%
  triton_bmm_2750 0.0277 ms 66.0%
  triton_bmm_2742 0.0282 ms 64.9%
SingleProcess AUTOTUNE benchmarking takes 1.9668 seconds and 0.0187 seconds precompiling
AUTOTUNE bmm(8192x8x1024, 8192x1024x2048)
  triton_bmm_2762 4.2898 ms 100.0%
  triton_bmm_2769 4.3475 ms 98.7%
  triton_bmm_2764 4.3672 ms 98.2%
  triton_bmm_2765 4.5223 ms 94.9%
  triton_bmm_2760 4.7537 ms 90.2%
  triton_bmm_2768 4.7848 ms 89.7%
  triton_bmm_2763 4.8614 ms 88.2%
  triton_bmm_2759 4.9795 ms 86.1%
  triton_bmm_2766 5.0097 ms 85.6%
  triton_bmm_2767 5.0441 ms 85.0%
SingleProcess AUTOTUNE benchmarking takes 2.7775 seconds and 0.0042 seconds precompiling
AUTOTUNE mm(512x1024, 1024x1024)
  triton_mm_2778 0.0099 ms 100.0%
  triton_mm_2782 0.0104 ms 94.8%
  mm 0.0122 ms 81.1%
  triton_mm_2774 0.0124 ms 79.6%
  triton_mm_2788 0.0125 ms 78.8%
  triton_mm_2777 0.0130 ms 76.0%
  triton_mm_2781 0.0132 ms 74.6%
  triton_mm_2773 0.0142 ms 69.4%
  triton_mm_2787 0.0145 ms 67.8%
  triton_mm_2771 0.0147 ms 67.1%
SingleProcess AUTOTUNE benchmarking takes 2.2119 seconds and 67.6429 seconds precompiling
AUTOTUNE addmm(512x4, 512x1024, 1024x4)
  triton_mm_2793 0.0084 ms 100.0%
  triton_mm_2799 0.0086 ms 97.4%
  triton_mm_2804 0.0100 ms 83.7%
  triton_mm_2791 0.0115 ms 72.9%
  triton_mm_2792 0.0115 ms 72.7%
  triton_mm_2796 0.0116 ms 71.7%
  bias_addmm 0.0122 ms 68.3%
  triton_mm_2803 0.0123 ms 68.0%
  triton_mm_2790 0.0125 ms 66.8%
  triton_mm_2798 0.0133 ms 62.6%
SingleProcess AUTOTUNE benchmarking takes 2.0059 seconds and 0.0041 seconds precompiling
100%|██████████| 1021/1021 [30:58<00:00,  1.82s/it]   
13:28:26 feral.train INFO: {'test_ap_other': 0.9883182655530567, 'test_ap_attack': 0.8988166537293001, 'test_ap_investigation': 0.9323218153716512, 'test_ap_mount': 0.9768746426363598, 'test_map': 0.9360043705791036, 'test_f1_attack': np.float64(0.8322848917795074), 'test_f1_investigation': np.float64(0.8757319138640213), 'test_f1_mount': np.float64(0.939531889456017), 'test_precision': 0.8461845207579785, 'test_recall': 0.9251404804966562, 'test_f1': 0.8825162316998485, 'test_accuracy': 0.9271976711800906, 'test_frame_level_map': 0.9452060632270568, 'test_raster_plot': <wandb.sdk.data_types.image.Image object at 0x7b4d8a7e9810>}
